date,event_category,activity,primary_streamer,involved_streamers,location_combined,summary,involved_streamers_url,fixedsort
1 - 20th,Roleplay,"Roleplay, ??, Roleplay",Wubby,Wubby,wilderness,logs on after yap,??,1
1 - 20th,Social,"Roleplay, ??, Conversation",Wubby,dima_wallhacks,wilderness,runs away,https://www.twitch.tv/dima_wallhacks,2
1 - 20th,Social,"Roleplay, ??, Conversation",Wubby,LadyDima,wilderness,"Wubby tells bad joke, runs away",https://www.twitch.tv/ladydima,3
1 - 20th,Conflict,"PVP, ??, Wubby Kill",Wubby,salmmus,wilderness,Wubby Wubby Kills a sleeping salmmus,https://www.twitch.tv/salmmus,4
1 - 20th,Social,"Roleplay, ??, Conversation",Wubby,FSN_Saber,wilderness,provides horse-genital inspection,https://www.twitch.tv/xfsn_saber,5
1 - 20th,Conflict,"PVP, ??, Wubby Death",Wubby,shoto,wilderness,shot in the face,https://www.twitch.tv/shxtou,6
1 - 20th,Social,"Roleplay, ??, Conversation",Wubby,Welyn,wilderness,welyn teaches Wubby how to pick up rocks; plants ceremonial seed,https://www.twitch.tv/welyn,7
1 - 20th,Social,"Roleplay, ??, Conversation",Wubby,RatedEpicz,wilderness,Wubby feeds rated grubs and runs away,??,8
1 - 20th,Social,"Roleplay, ??, Conversation",Wubby,alpacasita,ironfangs compound,guarding a sleeping Hola Gato,https://www.twitch.tv/alpacasita,9
1 - 20th,Social,"Roleplay, ??, Conversation",Wubby,daVinci,ironfangs compound,guarding a sleeping Hola Gato,https://www.twitch.tv/rustdavinci,10
1 - 20th,Social,"Roleplay, ??, Conversation",Wubby,monstera,ironfangs compound,guarding a sleeping Hola Gato,https://www.twitch.tv/monstera,11
1 - 20th,Social,"Roleplay, ??, Conversation",Wubby,HolaGatoLive,ironfangs compound,sleeping,https://www.twitch.tv/holagatolive,12
1 - 20th,Social,"Roleplay, ??, Conversation",Wubby,johnch,wilderness,BEES,https://www.twitch.tv/johnchoi,13
1 - 20th,Conflict,"PVP, ??, Wubby Kill",Wubby,peterpark,wilderness,Wubby Kills peterpark who is afk/autorunning,https://www.twitch.tv/peterpark,14
1 - 20th,Perspective,"PVP, ??, Perspective",peterpark,peterpark,wilderness,Perspective,https://www.twitch.tv/peterpark,15
1 - 20th,Social,"Roleplay, ??, Conversation",Wubby,poshie,wilderness,snowy mountain,https://www.twitch.tv/poshie,16
1 - 20th,Social,"Roleplay, ??, Conversation",Wubby,kikikiana,wilderness,snowy mountain,https://www.twitch.tv/kikikiana,17
1 - 20th,Social,"Roleplay, ??, Conversation",Wubby,Lifestomper,wilderness,snowy mountain,https://www.twitch.tv/lifestomper,18
1 - 20th,Conflict,"PVE, ??, Missed Input",Wubby,Wubby,wilderness,Wubby slams his horse into a boulder,??,19
1 - 20th,Conflict,"PVE, ??, Wubby Kill",Wubby,Wubby,wilderness,Wubby Wubby Kills his horse by letting it freeze to Wubby Death,??,20
1 - 20th,Missed Input,"Missed Input, ??, Missed Input",Wubby,Wubby,Ended Session,logs off for IRL poker Tourney,??,21
1 - 20th,Roleplay,"Roleplay, ??, Roleplay",Wubby,Wubby,Started Session,logs on after yap,??,22
1 - 20th,Social,"Roleplay, ??, Conversation",Wubby,mochi,wilderness,scares her away,https://www.twitch.tv/michimochievee,23
1 - 20th,Social,"Roleplay, ??, Conversation",Wubby,TempleTaps,wilderness,??,https://www.twitch.tv/templetaps,24
1 - 20th,Social,"Roleplay, ??, Conversation",Wubby,TinaKitten,wilderness,tina follows Wubby around; he dubs her Pope Tina,https://www.twitch.tv/tinakitten,25
1 - 20th,Social,"Short Incident, ??, In Passing",Wubby,xQc,wilderness,rides by on a horse in the tunnel,??,26
1 - 20th,Social,"Roleplay, ??, Conversation",Wubby,Caymus,wilderness,stops by in the tunnels,??,27
1 - 20th,Social,"Roleplay, ??, Conversation",Wubby,Knut,wilderness,stops by in the tunnels,https://www.twitch.tv/knut,28
1 - 20th,Social,"Roleplay, ??, Conversation",Wubby,hJune,wilderness,stops by in the tunnels,https://www.twitch.tv/hjune,29
1 - 20th,Social,"Roleplay, ??, Base Tour",Wubby,imPheetus,ironfangs compound,offers Base Tour of the 1st iteration of the Phallus Palace Wellness Center,https://www.twitch.tv/impheetus,30
1 - 20th,Missed Input,"Missed Input, ??, Missed Input",Wubby,Wubby,wilderness,VOD ends (6hr cap),??,31
1 - 20th,Roleplay,"Roleplay, ??, Roleplay",Wubby,Wubby,wilderness,Session [c] Start ~0:00:00,??,32
1 - 20th,Social,"??, ??, ??",Wubby,JuMpMaaN,wilderness,9/20c ~0:04:15 Meets JuMpMaaN,https://www.twitch.tv/jumpmaan,33
1 - 20th,Social,"Roleplay, ??, ??",Wubby,Youney,Casino Isle,9/20c ~0:15:50 Meets Youney (Can we come in? Can we come in?),https://www.twitch.tv/youney,34
1 - 20th,Social,"??, ??, ??",Wubby,Twinkles,Casino Isle,9/20c ~0:15:50 Meets Twinkles,https://www.twitch.tv/twinkles,35
1 - 20th,Social,"Short Incident, ??, In Passing",Wubby,Banshee,wilderness,9/20c ~0:22:30 Meets Banshee (Passes by),??,36
1 - 20th,Social,"Short Incident, ??, In Passing",Wubby,omie,wilderness,9/20c ~0:35:35 Meets omie (Passes by),??,37
1 - 20th,Social,"Short Incident, ??, In Passing",Wubby,triciaisabirdy,wilderness,9/20c ~0:36:50 Meets triciaisbirdy (Passes by),https://www.twitch.tv/triciaisabirdy,38
1 - 20th,Social,"Short Incident, ??, In Passing",Wubby,ted,wilderness,9/20c ~0:37:50 Meets ted (Passes by),??,39
1 - 20th,Social,"??, ??, ??",Wubby,CarlosTheGardener,wilderness,9/20c ~0:44:15 Meets Johnny Guitar (carlos),??,40
1 - 20th,Social,"??, ??, ??",Wubby,KOOBY,wilderness,9/20c ~0:44:15 Meets kooby,https://www.twitch.tv/kooby_,41
1 - 20th,Social,"Roleplay, ??, ??",Wubby,natefugaming,ironfangs compound,9/20c ~0:58:40 Meets natefugaming (fukura) during Ironfangs compound application,https://www.twitch.tv/fukura,42
1 - 20th,Social,"Roleplay, ??, ??",Wubby,sven,ironfangs compound,9/20c ~1:02:35 Meets Sven during Ironfangs compound application,https://www.twitch.tv/sven,43
1 - 20th,Conflict,"PVP, ??, ??",Wubby,winnie,wilderness,Meets winnie before getting shot,https://www.twitch.tv/winnie,44
1 - 20th,Conflict,"PVP, ??, Wubby Death",Wubby,shoto,wilderness,Shoots wubby in the face (again),https://www.twitch.tv/shxtou,45
1 - 20th,Social,"??, ??, ??",Wubby,omni,wilderness,9/20c ~1:09:55 Meets omni,https://www.twitch.tv/omni_live,46
1 - 20th,Social,"??, ??, ??",Wubby,Ser Winter,wilderness,9/20c ~1:13:40 Meets Ser Winter,https://www.twitch.tv/serwinterofficial,47
1 - 20th,Social,"??, ??, ??",Wubby,TeaGuyTom,wilderness,9/20c ~1:20:15 Meets TeaGuyTom at the crate drop,https://www.twitch.tv/teaguytom,48
1 - 20th,Social,"Roleplay, ??, performance",Wubby,Ser Winter,BGHQ,9/20c ~1:42:30 Ser Winter's unsuccessful Ironfang speech,https://www.twitch.tv/serwinterofficial,49
1 - 20th,Social,"PVE, ??, GAMBA",Wubby,SnuffyFluffy,BGHQ,"9/20c ~1:53:00 Meets SnuffyFluffy; gamba w/ peterpark,",https://www.twitch.tv/snuffyfluffy,50
1 - 20th,Social,"??, ??, ??",Wubby,ChrissytinaFx,BGHQ,9/20c ~2:03:40 Meets ChrissytinaFx,https://www.twitch.tv/chrissytinafx,51
1 - 20th,Social,"??, ??, ??",Wubby,Raynbirds,BGHQ,9/20c ~2:03:40 Meets raynbirds,https://www.twitch.tv/raynbirds,52
1 - 20th,Social,"??, ??, ??",Wubby,Naivety,BGHQ,9/20c ~2:07:00 Meets naivety,https://www.twitch.tv/naivety,53
1 - 20th,Missed Input,"Missed Input, ??, Missed Input",Wubby,Wubby,BGHQ,~2:10:00 Logs off in Ser Winter's base,??,54
2 - 21st,Roleplay,"Roleplay, ??, Roleplay",Wubby,Wubby,BGHQ,Session [a-b] Start ~2:01:15,??,55
2 - 21st,Social,"??, ??, ??",Wubby,Gimmick,NPC - Bank Town Isle,9/21a ~2:13:00 Meets Gimmick (HeyYouVideoGame),https://www.twitch.tv/heyyouvideogame,56
2 - 21st,Conflict,"Mission, ??, Raid",Wubby,Johnny Guitar,NPC - Bank Town Isle,9/21a ~2:34:15 The horse incident w/ Johnny Guitar; botched bank robbery (try #1),https://www.twitch.tv/carlosthegardener,57
2 - 21st,Social,"??, ??, ??",Wubby,VilifiedPeanut,NPC - Bank Town Isle,9/21a ~2:53:00 Meets Peanut; shows up on a dirtbike,https://www.twitch.tv/vilifiedpeanut,58
2 - 21st,Conflict,"Mission, ??, Raid",Wubby,Crew,NPC - Bank Town Isle,9/21a ~2:57:10 Failed Bank Robbery (try #2),??,59
2 - 21st,Social,"??, ??, ??",Wubby,Chickencoop,NPC - Bank Town Isle,9/21a ~3:03:50 Meets chickencoop,https://www.twitch.tv/chickencoop,60
2 - 21st,Social,"Roleplay, ??, ??",Wubby,Jennifer,NPC - Bank Town Isle,9/21a ~3:03:50 Meets Jennifer; w/ peterpark at conclusion of bank scene,https://www.twitch.tv/jennifer,61
2 - 21st,Travel,"Exploration, ??, In Passing",Wubby,VilfiedPeanut,NPC - Bank Town Isle,9/21a ~3:11:50 Steals Peanut's motorcycle,??,62
2 - 21st,Social,"??, ??, ??",Wubby,ikitty,??,9/21a ~3:13:45 Meets ikitty,https://www.twitch.tv/ikitty,63
2 - 21st,Social,"??, ??, ??",Wubby,poe,BGHQ,9/21a ~3:13:45 Meets poe,??,64
2 - 21st,Social,"??, ??, ??",Wubby,Goosey,BGHQ,9/21a ~3:26:00 Meets Goosey,https://www.twitch.tv/goosey,65
2 - 21st,Travel,"Exploration, ??, Event - Rave",Wubby,Crew,Checkpoint Bridge,9/21a ~0:00:00 The gang heads out to the e-Girl Twerk-Off Squirt-Off Rave,??,66
2 - 21st,Social,"Roleplay, ??, Event - Rave",Wubby,WakeWilder,Checkpoint Bridge,9/21a ~3:29:20 Meets Executive Apostle Wake before Squirt Rave,https://www.twitch.tv/wakewilder,67
2 - 21st,Social,"Roleplay, ??, Event - Rave",Wubby,GoofyTeamo,Checkpoint Bridge,9/21a ~3:29:20 Meets GoofyTeamo before Squirt Rave,https://www.twitch.tv/goofyteamo,68
2 - 21st,Social,"Roleplay, ??, Event - Rave",Wubby,Parblaze,North Church,9/21a ~3:29:20 Meets Parblaze before Squirt Rave,https://www.twitch.tv/parblaze,69
2 - 21st,Travel,"Roleplay, ??, Base Tour",Wubby,Crew,Checkpoint Bridge,9/21a ~3:30:20 Base Tours the North Church of the Blood God,??,70
2 - 21st,Social,"Roleplay, ??, Event - Rave",Wubby,Lyssaurora,Checkpoint Bridge,9/21a ~3:32:30 Meets Lyssaurora  @ Squirt Rave,https://www.twitch.tv/lyssaurora,71
2 - 21st,Social,"Roleplay, ??, Event - Rave",Wubby,QueenManda,Checkpoint Bridge,9/21a ~3:29:20 Meets QueenManda @ Squirt Rave,https://www.twitch.tv/queenmanda,72
2 - 21st,Social,"Roleplay, ??, Event - Rave",Wubby,Mr Wobbles,Checkpoint Bridge,9/21a ~3:29:20 Meets Highblood Menstrual Mr Wobbles @ Squirt Rave,https://www.twitch.tv/mrwobblestwitch,73
2 - 21st,Social,"Roleplay, ??, Event - Rave",Wubby,Paddymazz,Checkpoint Bridge,9/21a ~3:32:35 Meets Paddymazz @ Squirt Rave,https://www.twitch.tv/paddymazz,74
2 - 21st,Social,"Roleplay, ??, Event - Rave",Wubby,ZChum,Checkpoint Bridge,9/21a ~3:32:45 Meets ZChum @ Squirt Rave,https://www.twitch.tv/zchum,75
2 - 21st,Social,"Roleplay, ??, Event - Rave",Wubby,cringechinmingle,Checkpoint Bridge,9/21a ~3:32:50 Meets cringechinmingle @ Squirt Rave,https://www.twitch.tv/cringechin,76
2 - 21st,Social,"Roleplay, ??, Event - Rave",Wubby,rencognito,Checkpoint Bridge,9/21a ~3:34:25 Meets rencognito @ Squirt Rave,??,77
2 - 21st,Social,"Roleplay, ??, Event - Rave",Wubby,MaryMaybe,Checkpoint Bridge,9/21a ~3:35:45 Meets MaryMaybe @ Squirt Rave,https://www.twitch.tv/marymaybe,78
2 - 21st,Social,"Roleplay, ??, Event - Rave",Wubby,Jaina Splinters,Checkpoint Bridge,9/21a ~3:35:55 Meets Jaina Splinters @ Squirt Rave,https://www.twitch.tv/jaina_splinters,79
2 - 21st,Social,"Roleplay, ??, Event - Rave",Wubby,LoKwunYee,Checkpoint Bridge,9/21a ~3:39:50 Meets LoKwunYee @ Squirt Rave,??,80
2 - 21st,Social,"Roleplay, ??, Event - Rave",Wubby,jogilee,Checkpoint Bridge,9/21a ~3:40:30 Meets jogilee @ Squirt Rave,https://www.twitch.tv/jogiiee,81
2 - 21st,Conflict,"PVE, ??, Event - Rave",Wubby,Opps,Checkpoint Bridge,9/21a ~3:45:00 Wubby Wubby Kills/dooms horse by trapping it in the pool @ Squirt Rave,??,82
2 - 21st,Conflict,"PVE, ??, Event - Rave",Wubby,Opps,Checkpoint Bridge,9/21a ~3:46:00 Wubby Wubby Kills/dooms horse by trapping it in the pool @ Squirt Rave,??,83
2 - 21st,Conflict,"PVE, ??, Event - Rave",Wubby,Opps,Checkpoint Bridge,9/21a ~3:46:35 Wubby Wubby Kills/dooms horse by trapping it in the pool @ Squirt Rave,??,84
2 - 21st,Social,"Roleplay, ??, Event - Rave",Wubby,Zealand,Casino Isle,9/21a ~3:49:10 Meets Zealand @ Squirt Rave,https://www.twitch.tv/zeaiand,85
2 - 21st,Conflict,"PVP, ??, Wubby Kill",Wubby,winnie,Casino Isle,9/21a ~3:50:50 Wubby Wubby Kills winnie after getting called poor,https://www.twitch.tv/winnie,86
2 - 21st,Missed Input,"Missed Input, ??, Missed Input",Wubby,Ended Session,Casino Isle,goes to Kick,??,87
2 - 21st,Roleplay,"Roleplay, ??, Roleplay",Wubby,Started Session,BGHQ,Session [b] Start ~0:01:50,??,88
2 - 21st,Travel,"Exploration, ??, Base Tour",Wubby,Goosey,BGHQ,9/21b ~0:07:04 Goosey's shack Base Tour; w/ Gimmick,https://www.twitch.tv/goosey,89
2 - 21st,Conflict,"PVP, ??, In Passing",Wubby,Goosey,BGHQ,9/21b ~0:23:10 shoto meets Goosey's satchel; ,https://www.twitch.tv/goosey,90
2 - 21st,Conflict,"PVE, ??, Base Tour",Wubby,Wubby,ironfangs compound,9/21b ~0:30:00 Go home G.I. incident;  IronFangs compound visit,??,91
2 - 21st,Social,"??, ??, ??",Wubby,Sana Uchiha,ironfangs compound,9/21b ~0:30:00 Meets Sana Uchiha; IF Compound,https://www.twitch.tv/sanauchiha,92
2 - 21st,Social,"??, ??, ??",Wubby,Jozukai,ironfangs compound,9/21b ~0:30:00 Meets Jozukai; IF Compound,https://www.twitch.tv/jozukai,93
2 - 21st,Social,"??, ??, ??",Wubby,Foolish,ironfangs compound,9/21b ~0:30:00 Meets Foolish; IF Compound,https://www.twitch.tv/foolish,94
2 - 21st,Social,"Roleplay, ??, In Passing",Wubby,baycon_,ironfangs compound,9/21b ~0:40:08 Meets baycon_ (Victim when Goosey fell asleep mid-robbery),https://www.twitch.tv/baycon_,95
2 - 21st,Social,"??, ??, ??",Wubby,Hoss,ironfangs compound,9/21b ~0:50:00 Meets Hoss (from Peak!),https://www.twitch.tv/hossontwitch,96
2 - 21st,Missed Input,"Missed Input, ??, Missed Input",Wubby,Ended Session,BGHQ,runs home & logs off,??,97
3 - 22nd,Roleplay,"Roleplay, ??, Roleplay",Wubby,Started Session,BGHQ,Session [a] Start ~0:12:40,??,98
3 - 22nd,Sidebar,"??, In Passing",Wubby,Wubby,BGHQ,9/22 ~0:17:00 Wubby explains his spotify playlist,??,99
3 - 22nd,Conflict,"PVE, ??, In Passing",Wubby,Goosey,BGHQ,9/22 ~0:18:30 Asks Goosey to be in a relationship,https://www.twitch.tv/goosey,100
3 - 22nd,Travel,"Exploration, ??, Base Tour",Wubby,CREW,BGHQ,9/22 ~0:20:00 Base Tours the Church of the Blood God,??,101
3 - 22nd,Social,"??, ??, ??",Wubby,Stonewall008,??,9/22 ~0:29:48 Meets Stonewall008,https://www.twitch.tv/stonewall008,102
3 - 22nd,Social,"??, ??, ??",Wubby,Blurbs,Casino Isle,9/22 ~0:42:25 Meets Blurbs,https://www.twitch.tv/blurbs,103
3 - 22nd,Social,"??, ??, ??",Wubby,Kira,Casino Isle,9/22 ~0:44:00 Meets Kira,https://www.twitch.tv/kira,104
3 - 22nd,Social,"??, ??, ??",Wubby,GEEGA,Casino Isle,9/22 ~0:45:15 Meets GEEGA (Poop Girl); sings Poop Song & Pitches Saturn Poop Diamonds,https://www.twitch.tv/geega,105
3 - 22nd,Social,"??, ??, ??",Wubby,kitdy,Casino Isle,9/22 ~0:56:30 Meets Kitdy; the gang plays the Game of the Blood God,https://www.twitch.tv/kitdy,106
3 - 22nd,Social,"??, ??, Base Tour",Wubby,Clammerr,Casino Isle,"9/22 ~1:23:20 Meets Clammerr @ the Art Gallery; w/ monstera, daVinci",https://www.twitch.tv/clammerr,107
3 - 22nd,Social,"??, ??, Base Tour",Wubby,Juiceman Leprous,Casino Isle,9/22 ~1:23:20 Meets Juiceman Leprous @ the Art Gallery (HeyYouVideoGame/Gimmick Alt),https://www.twitch.tv/heyyouvideogame,108
3 - 22nd,Social,"??, ??, Base Tour",Wubby,Cyr,North Church,"9/22 ~1:25:45 Meets Allfather Cyr in North Church; w/ Executive Apostle Wake, Parblaze, QueenManda, cringechinmingle, Goosey, Gimmick, Johnny Guitar, Peanut, Naivety, Kitdy GoofyTeamo, Blurbs",https://www.twitch.tv/cyr,109
3 - 22nd,Social,"??, ??, Base Tour",Wubby,Dwagon,North Church,9/22 ~1:25:45 Meets Dwagon in the North Church,https://www.twitch.tv/dwagonlvl,110
3 - 22nd,Social,"??, ??, ??",Wubby,Blau,North Church,9/22 ~1:25:45 Meets Blau in the North Church,https://www.twitch.tv/blau,111
3 - 22nd,Social,"??, ??, ??",Wubby,Emiru,North Church,9/22 ~1:25:45 Meets Emiru in the North Church,https://www.twitch.tv/emiru,112
3 - 22nd,Social,"??, ??, ??",Wubby,dappa,North Church,9/22 ~1:33:40 Meets dappa sleeping in the Crypt,https://www.twitch.tv/dappa,113
3 - 22nd,Conflict,"PVE, ??, Wubby Death",Wubby,OPP,North Church,"9/22 ~1:45:50 Wubby provides blood to the blood god (twice) in the Crypt & changes teams; w/ Mr Wobbles, Cyr, Executive Apostle Wake, Parblaze, QueenManda, cringechinmingle, Goosey, Gimmick, Johnny Guitar, Peanut, Naivety, Kitdy GoofyTeamo, Blurbs",??,114
3 - 22nd,Social,"??, ??, Wubby Death",Wubby,Morgana,North Church,9/22 ~1:56:00 Meets Morgana in the crypt; w/ MaryMaybe,https://www.twitch.tv/morgana,115
3 - 22nd,Social,"??, ??, Base Tour",Wubby,vGumiho,Casino Isle,9/22 ~2:02:10 Meets vGumiho @ Sols Gyros,https://www.twitch.tv/vgumiho,116
3 - 22nd,Social,"??, ??, Base Tour",Wubby,chrismel,Casino Isle,9/22 ~2:02:10 Meets chrismel @ Sols Gyros,https://www.twitch.tv/chrismelberger,117
3 - 22nd,Social,"??, ??, Base Tour",Wubby,Solutize,Casino Isle,"9/22 ~2:02:10 Meets Solutize @ Sols Gyros; w/ peanut, baycon_, Hola Gato, Blurbs, ",??,118
3 - 22nd,Travel,"??, ??, ??",Wubby,GEEGA,Casino Isle,9/22 ~2:04:45 Visits GEEGA (Poop Girl); w/ peanut,https://www.twitch.tv/geega,119
3 - 22nd,Travel,"Exploration, ??, In Passing",Wubby,??,BGHQ,"9/22 ~2:08:50 Gets home to an AFK Goosey & changes teams back; w/ peanut Johnny Guitar, Gimmick, Kitdy",??,120
3 - 22nd,Travel,"Mission, ??, ??",Wubby,??,Wilderness,"9/22 ~2:21:10 The gang rides to a t2 airdrop & hangs out in a bush together; w/ Goosey, peanut, Johhny Guitar, ChrissytinaFx, Gimmick, Kitdy, Naivety, raynbirds",??,121
3 - 22nd,Social,"??, ??, ??",Wubby,jdilla,BGHQ,9/22 ~2:40:25 Meets jdilla,https://www.twitch.tv/jdilla,122
3 - 22nd,Social,"??, ??, ??",Wubby,WillNeff,BGHQ,"9/22 ~2:45:30 Meets Father Billy when he returns from his darkness retreat; w/ Goosey, peanut, Johhny Guitar, ChrissytinaFx, Gimmick, Kitdy, Naivety, raynbirds, jdilla, Stonewall008,Blurbs Caymus?",??,123
3 - 22nd,Social,"??, ??, ??",Wubby,LilMsLilith,BGHQ,9/22 ~2:52:40 Meets LilMsLilith in the church,https://www.twitch.tv/lilmslilith,124
3 - 22nd,Conflict,"Mission, ??, Base Tour",Wubby,??,BGHQ,"9/22 ~2:59:00 2nd Base Tour of BGHQ upgrades (pre-""sorting system incident""); raid planned to kidnap Mr Wobbles",??,125
3 - 22nd,Conflict,"??, ??, ??",Wubby,??,BGHQ,9/22 ~3:08:40 cringechinmingle sings his oath to BGHQ,??,126
3 - 22nd,Conflict,"Mission, ??, ??",Wubby,??,Casino Isle,9/22 ~3:12:15 Johnny Guitar gets distress call from Kitdy (Wubby Perspective),??,127
3 - 22nd,Conflict,"Perspective, ??, ??","Johnny, Kitdy",??,Casino Isle,9/22 ~3:12:15 Johnny Guitar gets distress call from Kitdy (carlos/kitdy Perspective),??,128
3 - 22nd,Travel,"??, ??, ??",Wubby,??,Checkpoint Bridge,"9/22 ~3:14:00 The gang raids The Peeper's base to save Kitdy, discovered ZChum",??,129
3 - 22nd,Conflict,"??, ??, ??",Wubby,??,BGHQ,9/22 ~3:24:50 Mr Wobbles sneaks into BGHQ,??,130
3 - 22nd,Social,"??, ??, ??",Wubby,Jennybear,BGHQ,"9/22 ~3:31:30 Meets Jennybear (jennifercoolidge?), getting baptized into Blood Church",https://www.twitch.tv/jennybeartv,131
3 - 22nd,Travel,"??, ??, ??",Wubby,??,Checkpoint Bridge,9/22 ~3:14:00 The gang raids The Peeper's base again; Father Billy recruits him to spy on Cyr,??,132
3 - 22nd,Social,"??, ??, ??",Wubby,Key,Casino Isle,9/22 ~3:44:00 Meets Key; checks on poop girl,https://www.twitch.tv/keykat,133
3 - 22nd,Conflict,"??, ??, ??",Wubby,??,Casino Isle,9/22 ~3:50:00 The gang Wubby Kills Mr Wobbles by the bridge; Father Billy goes on a diplomacy mission,??,134
3 - 22nd,Conflict,"??, ??, ??",Wubby,??,BGHQ,9/22 ~4:12:00 Mr Wobbles Wubby Kills every horse @ BGHQ (Wubby Perspective),??,135
3 - 22nd,Conflict,"??, ??, ??",Mr Wobbles,??,BGHQ,9/22 ~4:12:00 Mr Wobbles Wubby Kills every horse @ BGHQ (Mr Wobbles Perspective),??,136
3 - 22nd,Conflict,"??, ??, ??",Wubby,??,BGHQ,9/22 ~4:13:00 Father Billy & crew practice Dune-Chanting; Brew joins the church?,??,137
3 - 22nd,Travel,"??, ??, ??",Wubby,??,ColdenCrest Compound,9/22 ~4:22:00 BGHQ crew meets to demand horse statue @ Goldencrest Compound,??,138
3 - 22nd,Travel,"??, ??, ??",Wubby,??,IronFangs Compound,9/22 ~4:49:00 BGHQ crew meets to demand horse statue @ Ironfang Compound,??,139
3 - 22nd,Social,"??, ??, ??",Wubby,Dakkin,??,9/22 ~4:54:50 Meets Dakkin,https://www.twitch.tv/dakkiin,140
3 - 22nd,Social,"??, ??, ??",Wubby,NEeks,??,9/22 ~4:58:30 Meets Neeks,??,141
3 - 22nd,Social,"??, ??, ??",Wubby,AikoBliss,??,9/22 ~4:59:20 Meets AikoBliss,https://www.twitch.tv/aikobliss,142
3 - 22nd,Missed Input,"Missed Input, ??, Missed Input",Wubby,Ended Session,BGHQ,runs home & logs off,??,143
4 - 23rd,no stream,"no stream, no stream, no stream",no stream,no stream,no stream - no stream,no stream,??,144
5 - 24th,Roleplay,"Roleplay, ??, Roleplay",Wubby,Started Session,BGHQ,Session [a-b] Start ~0:23:35,??,145
5 - 24th,Travel,"??, ??, ??",Wubby,??,BGHQ,9/24a ~0:40:40 Takes Goosey to the BGHQ church to apologize to Omni; Johnny Guitar performs,??,146
5 - 24th,Social,"??, ??, ??",Wubby,Bean,BGHQ,9/24a ~1:10:00 Meets Bean after she gets Wubby Killed by shotty trap,https://www.twitch.tv/justlittlebean,147
5 - 24th,Social,"??, ??, ??",Wubby,Hoss,BGHQ,9/24a ~1:21:00 Hoss stops by; Hoss dies to shotty trap; then the gang almost blows him up,https://www.twitch.tv/hossontwitch,148
5 - 24th,Social,"??, ??, ??",Wubby,Curtisryan,BGHQ,"9/24a ~1:27:40 Meets Curtisryan, ""hello horse man""",https://www.twitch.tv/curtisryan,149
5 - 24th,Social,"??, ??, ??",Wubby,Kourra,BGHQ,9/24a ~1:38:20 Meets Kourra,https://www.twitch.tv/kourra,150
5 - 24th,Travel,"??, ??, ??",Wubby,??,BGHQ,9/24a ~1:42:50 ted stops by with the RV,??,151
5 - 24th,Travel,"??, ??, ??",Wubby,??,BGHQ,9/24a ~1:42:50 passes Solutize getting chauffered,??,152
5 - 24th,Travel,"??, ??, ??",Wubby,??,BGHQ,9/24a Wobbles & friend stop by,??,153
5 - 24th,Social,"??, ??, ??",Wubby,kayli,??,9/24a ~1:57:00 Meets Kayli,https://www.twitch.tv/kayli_j,154
5 - 24th,Travel,"??, ??, ??",Wubby,??,BGHQ,9/24a ~2:05:30 GoofyTeamo stops by with shrek donkey impression,??,155
5 - 24th,Travel,"??, ??, ??",Wubby,??,BGHQ,9/24a ~2:04:30 Poop girl GEEGA stops by,??,156
5 - 24th,Conflict,"??, Landmines, ??",Wubby,??,??,9/24a ~0:00:00 Hoss Wubby Kills Goosey then gives up his landmines,??,157
5 - 24th,Conflict,"??, Landmines, ??",Wubby,??,BGHQ,9/24a ~2:16:50 Deactivating landmines with Goosey,??,158
5 - 24th,Conflict,"??, Landmines, ??",Wubby,??,Casino Isle,9/24a ~2:29:20 Blood Drive,??,159
5 - 24th,Conflict,"PVE, ??, Gamba",Wubby,??,Casino Isle,9/24a ~2:42:00 Scam Gamba (try 1) w/ Goosey,??,160
5 - 24th,Social,"??, ??, ??",Wubby,PotatoKai,Casino Isle,9/24a ~2:46:30 Wubby Wubby Kills sleeping PotatoKai,https://www.twitch.tv/potatokai,161
5 - 24th,Social,"??, ??, ??",Wubby,ThatDamnLamb,Casino Isle,9/24a ~2:53:50 Meets ThatDamnLamb,https://www.twitch.tv/thatdamnlamb,162
5 - 24th,Conflict,"PVE, ??, Gamba",Wubby,??,Casino Isle,9/24a ~3:05:00 Scam Gamba (try 2) w/ Goosey,??,163
5 - 24th,Social,"??, ??, ??",Wubby,Emi,Casino Isle,9/24a ~3:10:30 Meets Emi,https://www.twitch.tv/emiok,164
5 - 24th,Social,"Roleplay, ??, Gamba",Wubby,Enardo,Casino Isle,9/24a ~3:11:30 Meets Enardo,https://www.twitch.tv/enardo,165
5 - 24th,Travel,"??, ??, ??",Wubby,??,??,9/24a ~3:41:00 The crew (doesnt) rescue Eltk from under the North Church,??,166
5 - 24th,Missed Input,"Missed Input, ??, Missed Input",Wubby,Ended Session,??,goes to Kick,??,167
5 - 24th,Roleplay,"Roleplay, ??, Roleplay",Wubby,Started Session,??,Session [b] Start ~0:00:05,??,168
5 - 24th,Conflict,"??, ??, ??",Wubby,??,North Church,9/24b ~0:11:00 The True CotBG sends bees to the Horse Fuckers Church,??,169
5 - 24th,Social,"??, ??, ??",Wubby,Masayoshi,Checkpoint Bridge,9/24b ~0:13:00 Meets Masayoshi,https://www.twitch.tv/masayoshi,170
5 - 24th,Conflict,"PVP, ??, RAID",Wubby,??,Checkpoint Bridge,9/24b ~0:13:50 Raids Cyr's bridge base,??,171
5 - 24th,Conflict,"PVP, ??, Wubby Kill",Wubby,??,Checkpoint Bridge,9/24b ~0:15:50 Wubby Wubby Kills GoofyTeamo,??,172
5 - 24th,Conflict,"PVP, ??, Wubby Death",Wubby,??,NPC - Bank Town Isle,9/24b ~0:24:50 Shootout at the Phallus Palace (try 1),??,173
5 - 24th,Conflict,"PVP, ??, Wubby Death",Wubby,??,NPC - Bank Town Isle,9/24b ~0:23:30 Shootout at the Phallus Palace (try 2),??,174
5 - 24th,Conflict,"GAMBA, ??, REFUND",Wubby,??,Casino Isle,9/24b ~0:46:30 Getting a refund at Bo & Co,??,175
5 - 24th,Social,"??, ??, ??",Wubby,Bo,Casino Isle,9/24b ~0:46:40 Meets Bo,https://www.twitch.tv/boxbox,176
5 - 24th,Social,"??, ??, ??",Wubby,Brew,Casino Isle,9/24b ~0:51:30 Meets Brew,https://www.twitch.tv/brew,177
5 - 24th,Conflict,"PVP, ??, RAID",Wubby,??,Checkpoint Bridge,"9/24b ~1:06:00 Raids Cyr's bridge base again, Wubby dies to defenders",??,178
5 - 24th,Social,"??, ??, ??",Wubby,of the Wolf,Checkpoint Bridge,9/24b ~1:14:50 Meets of the Wolf,??,179
5 - 24th,Social,"??, ??, ??",Wubby,Russel,Checkpoint Bridge,9/24b ~1:15:50 Meets Russel,https://www.twitch.tv/russel,180
5 - 24th,Travel,"??, ??, ??",Wubby,??,IronFangs Compound,"9/24b ~1:32:20 Visits Brew's Pawn, Loan, & KBBQ chode",??,181
5 - 24th,Conflict,"GAMBA, ??, ??",Wubby,??,NPC - Bank Town Isle,"9/24b ~1:34:30 Gamba w/ Goosey, Trainwreck, lifestomper, JuMpMaan, Banshee, Brew,",??,182
5 - 24th,Social,"??, ??, ??",Wubby,Domer,NPC - Bank Town Isle,9/24b ~1:34:30 Meets Domer,https://www.twitch.tv/domerrust,183
5 - 24th,Social,"??, ??, ??",Wubby,TeaWithMilkAndSugar,NPC - Bank Town Isle,9/24b ~1:35:40 Meets TeaWithMilkAndSugar,https://www.twitch.tv/teawithmilkandsugar,184
5 - 24th,Social,"??, ??, ??",Wubby,razzy,NPC - Bank Town Isle,9/24b ~1:35:40 Meets razzy,https://www.twitch.tv/razzy,185
5 - 24th,Social,"??, ??, ??",Wubby,Mogley,NPC - Bank Town Isle,9/24b ~1:38:50 Meets Mogley,https://www.twitch.tv/mogley67,186
5 - 24th,Conflict,"GAMBA, ??, ??",Wubby,??,NPC - Bank Town Isle,"9/24b ~1:40:10 Poker w/ Goosey, Brew, JuMpMaan, Banshee, Mogley",??,187
5 - 24th,Missed Input,"Missed Input, ??, Missed Input",Wubby,Ended Session,BGHQ,steals a car to go home & log off,??,188
6 - 25th,Roleplay,"Roleplay, ??, Roleplay",Wubby,Started Session,BGHQ,Session [a-b] Start ~1:33:50,??,189
6 - 25th,Conflict,"PVE, ??, Wubby Kill",Wubby,??,Wilderness,9/25a ~1:39:00 Wubby & Kitdy throw horses off cliffs for the next 10 minutes,??,190
6 - 25th,Conflict,"PVP, ??, RAID",Wubby,??,NPC - Military Base,"9/25a ~1:52:30 Military base raid w/ Kitdy, Peanut, Johnny Guitar, Naivety, Goosey, Gimmick",??,191
6 - 25th,Conflict,"??, ??, ??",Wubby,??,NPC - Military Base,9/25a ~1:52:30 Military base raid activity,??,192
6 - 25th,Conflict,"??, ??, ??",Wubby,??,Casino Isle,9/25a ~2:12:20 Bean provides Goosey's feet pic,??,193
6 - 25th,Conflict,"??, ??, ??",Wubby,??,Casino Isle,9/25a ~2:32:30 GEEGA Saturn Story,??,194
6 - 25th,Social,"??, ??, ??",Wubby,Chipdingle,Casino Isle,9/25a ~2:35:00 Meets Chipdingle,https://www.twitch.tv/chipdingle,195
6 - 25th,Conflict,"GAMBA, ??, ??",Wubby,??,Casino Isle,9/25a ~2:36:00 Wubby wins The Bo & Co Button Game twice,??,196
6 - 25th,Conflict,"??, ??, ??",Wubby,??,Checkpoint Bridge,9/25a ~2:44:30 Writes Father Billy's script w/ Blurbs,??,197
6 - 25th,Conflict,"PVP, ??, Wubby Death",Wubby,??,NPC - Bank Town Isle,"9/25a ~2:58:00 Shootout at the Phallus Palace (try 3) w/ Peanut, Gimmick, Father Billy, ChrissytinaFx, Naivety",??,198
6 - 25th,Social,"??, ??, ??",Wubby,CoconutB,NPC - Bank Town Isle,9/25a ~3:02:00 Meets CoconutB,https://www.twitch.tv/coconutb,199
6 - 25th,Social,"??, ??, ??",Wubby,dimothy,NPC - Bank Town Isle,9/25a ~3:03:20 Meets dimothy,??,200
6 - 25th,Social,"??, ??, ??",Wubby,ezbompany,NPC - Bank Town Isle,9/25a ~3:06:30 Meets ezbompany,https://www.twitch.tv/ezbompany,201
6 - 25th,Social,"??, ??, ??",Wubby,ellum,NPC - Bank Town Isle,9/25a ~3:06:50 Meets ellum,https://www.twitch.tv/ellum,202
6 - 25th,Social,"??, ??, ??",Wubby,Yickster,NPC - Bank Town Isle,9/25a ~3:07:00 Meets Yickster,https://www.twitch.tv/yickster,203
6 - 25th,Conflict,"??, ??, ??",Wubby,??,BGHQ,9/25a ~3:20:00 GEEGA Joins CotBG,??,204
6 - 25th,Conflict,"??, ??, Wubby Kill",Wubby,??,BGHQ,9/25a ~3:36:00 GEEGA dies in BGHQ,??,205
6 - 25th,Sidebar,"??, ??, ??",Wubby,??,BGHQ,9/25a ~3:49:30 Wubby teases content updates,??,206
6 - 25th,Social,"??, ??, ??",Wubby,GalaaxXy,??,9/25a ~3:53:50 Meets GalaaxXy,https://www.twitch.tv/galaaxxy,207
6 - 25th,Conflict,"Short Incident, ??, Perspective",CoconutB,??,IronFangs Compound,"9/25a ~3:56:20 CoconutB becomes King of Ironfangs, ruins his rep in less than an hour",??,208
6 - 25th,Social,"??, ??, ??",Wubby,??,BGHQ,9/25a ~4:06:00 Dating Show sneak peek,??,209
6 - 25th,Conflict,"??, ??, ??",Wubby,??,Checkpoint Bridge,9/25a ~4:36:30 Wubby dies; Wubby Kills himself on the bridge,??,210
6 - 25th,Social,"??, ??, ??",Wubby,??,Checkpoint Bridge,9/25a ~4:41:00 talks to Zealand on the closed bridge,??,211
6 - 25th,Travel,"??, ??, ??",Wubby,??,5GUYS Compound,9/25a ~4:46:00 The church seeks blood from the 5GUYS tribe,??,212
6 - 25th,Social,"??, ??, ??",Wubby,Deathwingua,5GUYS Compound,9/25a ~4:46:30 Meets Deathwingua,https://www.twitch.tv/deathwingua,213
6 - 25th,Conflict,"??, ??, ??",Wubby,??,5GUYS Compound,9/25a ~4:48:30 Blood God HQ gets raided by ironfangs bitch (Wubby Perspective),??,214
6 - 25th,Conflict,"??, ??, Perspective",CoconutB,??,BGHQ,9/25a* ~0:12:20 Blood God HQ gets raided (coconutBs YT Perspective),??,215
6 - 25th,Social,"??, ??, ??",Wubby,??,BGHQ,9/25a ~5:09:30 Omni brings tithings after bad-manners raid (Wubby Perspective),??,216
6 - 25th,Social,"??, ??, Perspective",Raynbirds,??,BGHQ,9/25a* ~10:25:00 Omni brings tithings after bad-manners raid (raynbirds Perspective),??,217
6 - 25th,Sidebar,"??, ??, Perspective",CoconutB,??,Ironfangs Compound,9/25a* ~0:35:40 Cocos 1st meltdown (cocos Perspective),??,218
6 - 25th,Social,"??, ??, Perspective",WillNeff,??,Ironfangs Compound,9/25a* ~2:29:30 Father Billy arrives for peace talks @ Irongfangs (willneff's YT Perspective),??,219
6 - 25th,Conflict,"??, ??, Perspective",CoconutB,??,Ironfangs Compound,9/25a* ~0:46:05 Father Billy peace talks @ Irongfangs (coconutB's YT Perspective),??,220
6 - 25th,Sidebar,"??, ??, Perspective",CoconutB,??,Ironfangs Compound,"9/25a* ~1:11:20 CoconutBs YT Perspective; quote ""the energy was insane, objectively speaking that crashout was crazy, a very weird odd crashout.""",??,221
6 - 25th,Sidebar,"??, ??, Perspective",CoconutB,??,Ironfangs Compound,"9/25a* ~1:22:10 CoconutBs YT Perspective; quote ""1-word-per-second"" fake apology to [TEAM] only",??,222
6 - 25th,Sidebar,"??, ??, Perspective",CoconutB,??,Ironfangs Compound,"9/25a* ~1:28:00 CoconutBs YT Perspective; opens thumbnail of his 1st meltdown, quote ""bro we argued so much the sun went down and it turned dark! bro the weather changed""",??,223
6 - 25th,Conflict,"??, ??, Perspective",WillNeff,??,BGHQ,"9/25a ~5:35:45 Father Billy motivational speech @ BGHQ (Wubby Perspective > asks for ""a coconut Wubby Killing machine, like a big red 'Wubby Kill coconut' button"")",??,224
6 - 25th,Sidebar,"??, ??, Perspective",CoconutB,??,Ironfangs Compound,"9/25a* ~1:37:00 CoconutBs YT Perspective; 2+ hours straight of talking shit to his chat, running around his base alone",??,225
6 - 25th,Sidebar,"??, ??, Perspective",CoconutB,??,Ironfangs Compound,"9/25a* ~2:19:30 CoconutBs YT Perspective; lifestomper screaming match begins in IF compound, quote ""youre fake"" rants. ",??,226
6 - 25th,Sidebar,"??, ??, Perspective",Lifestomper,??,Ironfangs Compound,9/25a* 0:00:00 lifestomper's Perspective,??,227
6 - 25th,Sidebar,"??, ??, Perspective",CoconutB,??,Ironfangs Compound,9/25a* ~2:37:30 CoconutBs YT Perspective; lifestomper calls him a bitch,??,228
6 - 25th,Sidebar,"??, ??, Perspective",CoconutB,??,Ironfangs Compound,"9/25a* ~3:19:45 CoconutBs YT Perspective; quote ""i dont think its right to talk to someone like that""",??,229
6 - 25th,Sidebar,"??, ??, Perspective",CoconutB,??,Ironfangs Compound,"9/25a* ~3:40:35 CoconutBs YT Perspective; quote global ""my bad for the awkwardness earlier""",??,230
6 - 25th,Social,"??, ??, ??",Wubby,??,BGHQ,"9/25a ~5:57:40 Brew brings donations, plays Game of the Blood God",??,231
6 - 25th,Missed Input,"Missed Input, ??, Missed Input",Wubby,Ended Session,BGHQ,cut to next VOD,??,232
6 - 25th,Roleplay,"Roleplay, ??, Roleplay",Wubby,Started Session,??,Session [b] Start ~0:00:05,??,233
6 - 25th,Social,"??, ??, ??",Wubby,ItsDeadlyBoop,??,9/25b ~0:52:20 Meets ItsDeadlyBoop,https://www.twitch.tv/itsdeadlyboop,234
6 - 25th,Social,"??, ??, ??",Wubby,Grimmmz,??,9/25b ~0:57:00 Meets Grimmmz,https://www.twitch.tv/grimmmz,235
6 - 25th,Social,"??, ??, ??",Wubby,Fire,??,9/25b ~0:57:00 Meets Fire,https://www.twitch.tv/fire_val,236
6 - 25th,Social,"??, ??, ??",Wubby,Jihi,??,9/25b ~0:57:00 Meets Jihi,https://www.twitch.tv/jihi,237
6 - 25th,Social,"??, ??, ??",Wubby,Taylien,??,9/25b ~1:00:00 Meets Taylien,https://www.twitch.tv/taylien,238
6 - 25th,Travel,"Exploration, ??, In-Passing",Wubby,??,Wilderness,9/25b ~1:27:50 Zipline WEE,??,239
6 - 25th,Conflict,"Mission, ??, Wubby Death",Wubby,??,Wilderness,"9/25b ~1:30:00 Cargo Ship Mission #1; Most of crew & Wubby die w/ Peanut, Johnny Guitar, Goosey, Gimmick, Naivety, Mogley, Taylien, Father Billy, Banshee, Eltk, Bean, GEEGA, Brew",??,240
6 - 25th,Travel,"Exploration, ??, Mission",Wubby,??,??,9/25b ~1:50:40 Zipline WEE,??,241
6 - 25th,Conflict,"PVP, ??, Wubby Death",Wubby,??,NPC - Bank Town Isle,"9/25b ~1:51:40 Shootout at Phallus Palace (try 4, Wubby dies several times)",??,242
6 - 25th,Sidebar,"Exploration, ??, In-Passing",Wubby,??,NPC - Bank Town Isle,"9/25b ~2:01:10 Wubby quote ""'coconutB is acting is proud right now?' i gotta watch his stream, i want to know what goes on in the mind of a 'co-co-nut'""",??,243
6 - 25th,Social,"Roleplay, ??, Conversation",Wubby,??,NPC - Bank Town Isle,9/25b ~2:04:20 Boombox Heist (try 1) wub interrupts coco in the vault,??,244
6 - 25th,Social,"Roleplay, ??, ??",Wubby,Fizzythefishy,NPC - Bank Town Isle,9/25 ~2:04:30 Meets Fizzythefishy,https://www.twitch.tv/fizzythefishy,245
6 - 25th,Conflict,"PVE, ??, Wubby Death",Wubby,??,NPC - Bank Town Isle,9/25b ~2:06:05 Wubby dies in bank (to autoturret),??,246
6 - 25th,Conflict,"PVP, ??, Wubby Death",Wubby,??,NPC - Bank Town Isle,9/25b ~2:06:20 Wubby dies outside bank (to CoconutB),??,247
6 - 25th,Social,"PVP, ??, Wubby Death",Wubby,vee,NPC - Bank Town Isle,9/25b ~2:06:40 Meets vee; Wubby dies outside bank (to vee),??,248
6 - 25th,Social,"Roleplay, ??, Raid",Wubby,??,NPC - Bank Town Isle,9/25b ~2:09:30 Boombox Heist (try 2) - SILENT TO THEM!! ****,??,249
6 - 25th,Sidebar,"Roleplay, ??, Perspective",CoconutB,??,NPC - Bank Town Isle,9/25b* ~3:29:30 CoconutBs YT Perspective; Wubby BANK SCENE - NO MUSIC (show music volume down on others' streams),??,250
6 - 25th,Social,"??, ??, ??",Wubby,Acie,NPC - Bank Town Isle,9/25b ~2:11:10 Meets Acie,https://www.twitch.tv/acie,251
6 - 25th,Social,"Roleplay, ??, Fun","Peanut, Rayn, Willneff",??,BGHQ,"Wubby plays boombox in BGHQ - SILENT TO THEM? ****w/ Peanut, raynbirds, Eltk, ChrissytinaFx, Father Billy, cringechinmingle, jennifercoolidge, Johnny Guitar",??,252
6 - 25th,Social,"Roleplay, ??, Perspective",Wubby,??,BGHQ,9/25b ~0:00:00 ??? Perspective; Wubby plays boombox - SILENT TO THEM!! ****,??,253
6 - 25th,Missed Input,"Missed Input, ??, Missed Input",Wubby,Ended Session,??,ends stream,??,254
6 - 25th,Perspective,"PVE, ??, Wubby Death",CLIPFARM,Wubby,??,Wubby dies to ice cream loot truck while not streaming,??,255
7 - 26th,Roleplay,"Roleplay, ??, Roleplay",Wubby,Started Session,??,9/26a* ~0:31:20 Opens w/ MSpaint Rust Map Storytime!,??,256
7 - 26th,Social,"PVP, ??, Conversation",Wubby,??,??,9/26a* ~0:44:10 Willneff calls to confront Wubby,??,257
7 - 26th,Social,"Mission, ??, Missed Input",Wubby,??,??,Session [a-b] Start ~1:00:40,??,258
7 - 26th,Social,"Mission, ??, Missed Input",Wubby,??,BGHQ,9/26a ~1:05:30 BGHQ Boombox - SILENT TO THEM!! ****,??,259
7 - 26th,Social,"Roleplay, ??, Perspective",Wubby,??,BGHQ,"9/26a* ~1:05:30 (show lack of music on others' streams; w/ billy, goosey;  ",??,260
7 - 26th,Social,"Roleplay, ??, Perspective","Peanut, Rayn, Willneff",??,BGHQ,"9/26a* ~1:15:10 (music again w/ raynbirds billy, peanut) ****",??,261
7 - 26th,Travel,"Mission, ??, Raid",Wubby,??,NPC - Power Plant,9/26a ~1:17:55 hot air balloon to power plant,??,262
7 - 26th,Conflict,"Roleplay, ??, Wubby Death",Wubby,??,NPC - Power Plant,9/26a ~1:24:00 Wubby dies to doc during power plant raid - MET DOC WHEN??!,??,263
7 - 26th,Conflict,"Roleplay, ??, Missed Input",Wubby,??,NPC - Power Plant,9/26a ~1:37:00 Wubby Wubby Kills Peanut cuz bees; Goldencrest backup arrives for doc,??,264
7 - 26th,Social,"Roleplay, ??, Conversation",Wubby,??,NPC - Power Plant,"9/26a ~1:46:00 GoldenCrest peace talks [w/ Foolish, LEDOO, doc, Caymus] in the landmine fields (w/ Bean, Goosey, Gimmick, GEEGA, Kitdy, Peanut, Naivety, Raynbirds, Johnny Guitar)",??,265
7 - 26th,Conflict,"PVE, Landmines, Fun",Wubby,??,BGHQ,9/26a ~0:00:00 landmines go off,??,266
7 - 26th,Conflict,"PVE, Landmines, Fun",Wubby,??,BGHQ,9/26a ~0:00:00 landmines go off,??,267
7 - 26th,Social,"Roleplay, Incident, Fun",Wubby,??,BGHQ,9/26a ~2:20:10 Wubby & GEEGA understand the assignment (item cycling & emoting),??,268
7 - 26th,Social,"Roleplay, ??, Perspective",GEEGA,??,BGHQ,9/26a ~0:00:00 GEEGA understands the assignment (item cycling & emoting),??,269
7 - 26th,Travel,"Mission, Incident, Missed Input",Wubby,??,Checkpoint Bridge,9/26a ~2:29:00 Horse lag throws Wubby off bridge on the way to the Scavenger Hunt meetup,??,270
7 - 26th,Social,"Roleplay, ??, In-Passing",Wubby,lilli liza,Casino Isle,9/26a ~2:31:30 Meets lilli liza,https://www.twitch.tv/lilliliza,271
7 - 26th,Social,"Roleplay, ??, In-Passing",Wubby,mohr,Casino Isle,9/26a ~2:31:40 Meets mohr,https://www.twitch.tv/mohr,272
7 - 26th,Social,"Roleplay, ??, In-Passing",Wubby,Enevun Boulder,Casino Isle,9/26a ~2:31:45 Meets Enevun,https://www.twitch.tv/enevun,273
7 - 26th,Social,"Roleplay, ??, In-Passing",Wubby,Sukidingels,Casino Isle,9/26a ~2:31:45 Meets Sukidingels,https://www.twitch.tv/sukidingels,274
7 - 26th,Social,"Roleplay, ??, In-Passing",Wubby,Farmerlucas,Casino Isle,9/26a ~2:31:45 Meets Farmerlucas,https://www.twitch.tv/farmerlucas,275
7 - 26th,Social,"Roleplay, ??, In-Passing",Wubby,Marc,Casino Isle,9/26a ~2:34:35 Meets Marc,??,276
7 - 26th,Social,"Roleplay, ??, In-Passing",Wubby,Gareth,Casino Isle,9/26a ~2:34:35 Meets Gareth,??,277
7 - 26th,Sidebar,"PVE, ??, Missed Input",Wubby,??,Casino Isle,9/26a ~2:35:40 [rickrolled before the scavenger hunt],??,278
7 - 26th,Social,"Mission, Exploration, Event - Scavenge",Wubby,??,Casino Isle,9/26a ~2:36:40 Scavenger Hunt officially begins -- ENDS WHEN??!,??,279
7 - 26th,Social,"Roleplay, ??, Conversation",Wubby,Sykkuno,Casino Isle,9/26a ~2:37:00 Meets Sykkuno,https://www.twitch.tv/sykkuno,280
7 - 26th,Social,"Mission, Exploration, Event - Scavenge",Wubby,??,Casino Isle,9/26a ~2:37:30 Drives away with raynbirds to begin Clues,??,281
7 - 26th,Conflict,"Mission, Exploration, Missed Input",Wubby,??,NPC - Launch Site,9/26a ~2:52:00 Wubby Enters Launch Site property alone,??,282
7 - 26th,Conflict,"PVE, Mission, Missed Input",Wubby,??,NPC - Launch Site,9/26a ~2:54:30 Meets Bradley (Tank/APC) & Bikes away,??,283
7 - 26th,Social,"Roleplay, 1st Meeting, In-Passing",Wubby,pp,Wilderness,9/26a ~3:05:50 Meets pp,??,284
7 - 26th,Social,"Roleplay, In-Passing, Conversation",Wubby,??,Wilderness,"9/26a ~3:14:25 Calls GEEGA, and she found a new accent",??,285
7 - 26th,Social,"Roleplay, 1st Meeting, ??",Wubby,fuslie,Wilderness,9/26a ~3:17:40 Meets Fuslie The Breaker,https://www.twitch.tv/fuslie,286
7 - 26th,Social,"Roleplay, In-Passing, Fun",Wubby,Kitdy,Wilderness,9/26a ~3:24:51 Kitdy asks an important squirrel question,??,287
7 - 26th,Social,"Roleplay, 1st Meeting, In-Passing",Wubby,Hutnik,Wilderness,9/26a ~3:35:25 Meets Hutnik,https://www.twitch.tv/hutnik,288
7 - 26th,Social,"Roleplay, 1st Meeting, In-Passing",Wubby,METZEN,Wilderness,9/26a ~3:35:25 Meets METZEN,??,289
7 - 26th,Social,"Mission, Exploration, Event - Scavenge",Wubby,??,NPC - Launch Site,9/26a ~3:38:30 Goosey & Wubby arrive at Launch Site on Scavenger hunt,??,290
7 - 26th,Conflict,"PVE, Exploration, Event - Scavenge",Wubby,??,NPC - Launch Site,"9/26a ~3:42:30 Meets Bradley again, from the roof",??,291
7 - 26th,Conflict,"PVE, Wubby Death, Event - Scavenge",Wubby,??,NPC - Launch Site,9/26a ~3:54:30 Wubby dies by freezing to Wubby Death,??,292
7 - 26th,Social,"Roleplay, Meetup, Missed Input",Wubby,??,BGHQ,9/26a ~4:26:00 Server Art Billboard,??,293
7 - 26th,Sidebar,"PVE, Exploration, Fun",Wubby,??,BGHQ,9/26a ~4:48:20 Wubby plays CHIPPY arcade to lvl16,??,294
7 - 26th,Social,"Roleplay, In-Passing, Fun",Wubby,??,BGHQ,9/26a ~5:05:30 BGHQ gives out cowbells,??,295
7 - 26th,Sidebar,"PVE, In-Passing, Wubby Death",Wubby,??,BGHQ,9/26a ~5:06:50 Wubby dies during stream F,??,296
7 - 26th,Conflict,"PVE, Landmines, Missed Input",Wubby,??,BGHQ,9/26a ~5:13:00 landmines go off,??,297
7 - 26th,Travel,"PVE, Landmines, Wubby Death",Wubby,??,BGHQ,9/26a ~5:13:25 Wubby dies to landmine,??,298
7 - 26th,Travel,"PVE, Landmines, Missed Input",Wubby,??,BGHQ,9/26a ~0:00:00 half the team dies to landmines (Wubby Perspective),??,299
7 - 26th,Travel,"PVE, Landmines, Missed Input",WillNeff,??,BGHQ,9/26a ~0:15:00 half the team dies to landmines (Willneff YT Perspective),??,300
7 - 26th,Social,"Exploration, Meetup, Fun",Wubby,??,BGHQ,9/26a ~5:15:50 Billy visits the billboard,??,301
7 - 26th,Travel,"PVE, Landmines, Missed Input",Wubby,??,BGHQ,9/26a ~5:16:10 landmines go off,??,302
7 - 26th,Travel,"Mission, Meetup, Tour",Wubby,??,Casino Isle,9/26a ~5:18:10 The crew visits the Blood Club patio,??,303
7 - 26th,Travel,"Mission, Meetup, Tour",Wubby,??,Checkpoint Bridge,"9/26a ~5:28:00 The crew visits Cyr's Horse fucker bridge w/ Wake, Parblaze, GoofyTeamo; (w/ Bean, Blurbs, Peanut, GEEGA, Naivety, Gimmick, Johnny Guitar, JuMpMaaN, Mogley)",??,304
7 - 26th,Travel,"Mission, Landmines, Fun",Wubby,??,Casino Isle,9/26a ~5:31:50 Salts the earth w/ landmines in road,??,305
7 - 26th,Sidebar,"Roleplay, Landmines, Fun",Wubby,??,Casino Isle,"9/26a ~5:34:30 Wubby quote ""we do a little terrorism; we do a little light terrorism. Boys if you catch it on any other POV send me the clip. I need to know if we catch any of them getting hit""",??,306
7 - 26th,Travel,"PVE, Landmines, Fun",Wubby,??,Casino Isle,"9/26a ~5:40:00 Landmines chaos near zipline; Curtisryan, Gimmick, Peanut, LoKwunYe, JuMpMaaN, Naivety-- all die to landmines within 20 seconds; w/ Curtisryan, bo, itsDeadlyBoop, ikitty, LoKwunYe, TeaGuyTom; ",??,307
7 - 26th,Travel,"Roleplay, Meetup, Fun",Wubby,??,Checkpoint Bridge,"9/26a ~5:45:55 The crew visits Cyr's Horse Fucker bridge checkpoint again; w/ Cyr, Wake, GoofyTeamo, MaryMaybe; (w/ Billy, Goosey, Bean, Blurbs, Peanut, GEEGA, Naivety, Gimmick, Johnny Guitar, JuMpMaaN, Mogley, ChrissytinaFx, Banshee, raynbirds,)",??,308
7 - 26th,Missed Input,"Missed Input, ??, Missed Input",Wubby,Ended Session,??,cut to next VOD,??,309
7 - 26th,Roleplay,"Roleplay, ??, Roleplay",Wubby,Started Session,??,Session [b] Start ~0:00:05,??,310
7 - 26th,Travel,"Exploration, Meetup, Fun",Wubby,??,Wilderness,9/26b ~0:01:55 LATINA GIRLS! ,??,311
7 - 26th,Travel,"PVE, Landmines, Fun",Wubby,??,Wilderness,9/26b ~0:04:10 GEEGA dies to landmines,??,312
7 - 26th,Travel,"Exploration, ??, Fun",Wubby,??,Wilderness,9/26b ~0:12:00 Zipline WEE,??,313
7 - 26th,Travel,"PVE, Meetup, Fun",Wubby,??,Wilderness,9/26b ~0:13:00 Wubby gets bear-trapped; salts the earth,??,314
7 - 26th,Travel,"Mission, ??, Fun",Wubby,??,Wilderness,9/26b ~0:26:25 Wubby abandons Peanut,??,315
7 - 26th,Social,"Mission, Meetup, Event - Dating Show",Wubby,??,BGHQ,"9/26b ~0:34:50 Arrives to the Dating Show ""Hoof You Going To Love?""; Goosey sings",??,316
7 - 26th,Social,"Meetup, Perspective, Event - Dating Show",Goosey,??,BGHQ,9/26b ~4:58:30 Goosey's Twitch Perspective - Dating Show Opening Musical Act; ,??,317
7 - 26th,Social,"Meetup, Performance, Event - Dating Show",Wubby,??,BGHQ,"Goosey - Setlist
1 - Post Malone ""Stay"" - (https://youtu.be/Btw_99WDFVA?t=110)
2 - Medium Build ""White Male Privilege"" - (https://youtu.be/K3sxxtezhE0)
3 - The Cranberries ""Linger"" - (https://youtu.be/G6Kspj3OO0s)
4 - Seal ""Kiss From A Rose"" - (https://youtu.be/AMD2TwRvuoU)
5 - Green Day ""Basket Case"" - (https://youtu.be/NUTGr5t3MoY)
6 - The Animals ""House of the Rising Sun"" - (https://youtu.be/4-43lLKaqBQ)
7 - Medium Build ""Atom"" - (https://youtu.be/Vya1Gzi6CDU)
8 - Third Eye Blind ""Jumper"" - (https://youtu.be/gRYZijLZR-Q)",??,318
7 - 26th,Social,"Mission, Landmines, Missed Input",Wubby,??,ironfangs compound,9/26b ~0:37:10 Trainwreck dies to multiple landmines on the way to the show (Wubby Perspective),??,319
7 - 26th,Travel,"Mission, Landmines, Perspective",Trainwreck,??,ironfangs compound,9/26b ~0:37:10 Trainwreck dies to multiple landmines on the way to the show (trainwreck Perspective,??,320
7 - 26th,Social,"1st Meeting, In-Passing, Event - Dating Show",Wubby,Cookiemanman,BGHQ,9/26b ~0:38:00 Meets Cookiemanman,https://www.twitch.tv/cookiemanman,321
7 - 26th,Social,"Meetup, Performance, Event - Dating Show",Wubby,??,BGHQ,9/26b ~0:49:00 Mr Wobbles Dating Show Opening Musical Act,??,322
7 - 26th,Social,"Roleplay, Meetup, Event - Dating Show",Wubby,??,BGHQ,9/26b ~0:53:00 Dating Show doors open,??,323
7 - 26th,Social,"In-Passing, Wubby Death, Event - Dating Show",Wubby,??,BGHQ,9/26b ~1:23:00 Wubby dies after ruining the dating show finale (bees),??,324
7 - 26th,Missed Input,"Missed Input, ??, Missed Input",Wubby,Ended Session,BGHQ,"runs home, ends stream",??,325
8 - 27th,Roleplay,"Roleplay, ??, Roleplay",Wubby,Started Session,BGHQ,Session [a-b] Start ~1:28:30,??,326
8 - 27th,Social,"??, ??, ??",Wubby,??,BGHQ,9/27a ~1:35:00 Bean stops by with the Flamethrower of the Blood God,??,327
8 - 27th,Social,"??, ??, ??",Wubby,??,BGHQ,9/27a ~1:37:55 Kourra stops by with sidecar motorcycle,??,328
8 - 27th,Sidebar,"Roleplay, In-Passing, Fun",Wubby,??,BGHQ,9/27a ~1:45:45 Wubby visits the BGHQ Gallery Painting,??,329
8 - 27th,Social,"Mission, ??, Event - Peace Dinner",Wubby,??,Casino Isle,"9/27a ~1:54:00 The gang heads to IronFest peace dinner & concert; w/ Father Billy, Peanut, ChrissytinaFx, raynbirds, GEEBA, Gimmick, Kourra, Bean, Naivety, Brew, parblaze, Johnny Guitar,",??,330
8 - 27th,Social,"Roleplay, In-Passing, Event - Peace Dinner",Wubby,??,Casino Isle,9/27a ~2:00:00 penis fireworks,??,331
8 - 27th,??,?? Event - Peace Dinner,Wubby,??,Casino Isle,9/27a ~2:02:30 Subway Train Ride the wrong way,??,332
8 - 27th,??,"??, Performance, Event - Peace Dinner",Wubby,??,Casino Isle,"9/27a ~2:11:00 Peanut sings sabrina carpenter ""espresso""",??,333
8 - 27th,Travel,"??, ??, Event - Peace Dinner",Wubby,??,IronFangs Compound,"9/27a ~2:11:00 Arrives @ Ironfangs Gates for ""Peace Concert""; w/ Parblaze, Jennifer, TeaWithMilkAndSugar, doc, chickencoop, Twinkles, BaseTradeTV, ikitty, Blau, Zealand, LEDOO, KOOBY, Foolish, Dwagon, MaryMaybe, ChipDingle, ItsDeadlyBoop, mohr, ThatDamnLamb, ikitty, vGumiho, of the Wolf, Jozukai, Curtisryan, ted, Solutize, poe, Sana Uchiha, Enevun Boulder, kikikiana, baycon, Farmerlucas, Clammer, Caymus, Sven the wrecked, Monstera, daVinci, Fizzythefishy, ezbompany, Emi, vee, ",??,334
8 - 27th,??,"Mission, Landmines, Event - Peace Dinner",Wubby,??,IronFangs Compound,9/27a ~2:12:00 Wubby salts the earth outside ironfangs compound,??,335
8 - 27th,Social,"1st Meeting, In-Passing, Event - Peace Dinner",Wubby,picco,IronFangs Compound,9/27a ~2:14:15 Meets picco,https://www.twitch.tv/picco,336
8 - 27th,??,"??, Landmines, Event - Peace Dinner",Wubby,??,IronFangs Compound,9/27a ~2:15:05 landmines go off,??,337
8 - 27th,Social,"??, In-Passing, Event - Peace Dinner",Wubby,TsunamiCat,IronFangs Compound,9/27a ~2:15:05 Meets TsunamiCat,https://www.twitch.tv/tsunamicat,338
8 - 27th,??,"??, Landmines, Event - Peace Dinner",Wubby,??,IronFangs Compound,9/27a ~2:17:00 landmines go off,??,339
8 - 27th,Social,"??, In-Passing, Event - Peace Dinner",Wubby,Nelku,IronFangs Compound,9/27a ~2:25:40 Meets Nelku,https://www.twitch.tv/nelkucosplay,340
8 - 27th,??,"??, Landmines, Event - Peace Dinner",Wubby,??,IronFangs Compound,9/27a ~2:28:25 landmines go off,??,341
8 - 27th,Social,"??, In-Passing, Event - Peace Dinner",Wubby,Sneegsnag,IronFangs Compound,9/27a ~2:30:30 Meets Sneegsnag,https://www.twitch.tv/sneegsnag,342
8 - 27th,Sidebar,"Roleplay, In-Passing, Event - Peace Dinner",Wubby,??,IronFangs Compound,9/27a ~2:31:20 Penis Loss Firework,??,343
8 - 27th,??,"??, Landmines, Event - Peace Dinner",Wubby,??,IronFangs Compound,9/27a ~2:33:35 landmines go off,??,344
8 - 27th,Social,"Roleplay, 1st Meeting, Event - Peace Dinner",Wubby,bee,IronFangs Compound,9/27a ~2:45:50 Meets bee (astronaut),https://www.twitch.tv/b28b1,345
8 - 27th,Social,"Roleplay, Meetup, Event - Peace Dinner",Wubby,??,IronFangs Compound,"9/27a ~2:50:00 Doors open for ""Peace Concert""",??,346
8 - 27th,Social,"??, Performance, Event - Peace Dinner",Wubby,??,IronFangs Compound,"9/27a ~2:59:50 Performance: Suki (Bishop Briggs ""River"" Cover)",??,347
8 - 27th,Social,"??, Performance, Event - Peace Dinner",Wubby,??,IronFangs Compound,"9/27a ~3:03:30 Performance: Johnny Guitar (""16 Tons"" Cover)",??,348
8 - 27th,Social,"??, Performance, Event - Peace Dinner",Wubby,??,IronFangs Compound,"9/27a ~3:07:00 Performance: Mr Wobbles (Kings of Leon ""Use Somebody"" Cover)",??,349
8 - 27th,Sidebar,"Missed Input, Performance, Event - Peace Dinner",Wubby,??,IronFangs Compound,9/27a ~3:09:40 Wubby dances irl,??,350
8 - 27th,Social,"??, Performance, Event - Peace Dinner",Wubby,??,IronFangs Compound,"9/27a ~3:11:50 Performance: TsunamiCat (Paramore ""Decode"" Cover)",??,351
8 - 27th,Sidebar,"Missed Input, Performance, Event - Peace Dinner",Wubby,??,IronFangs Compound,9/27a ~3:15:10 Wubby dances irl x3,??,352
8 - 27th,Social,"??, Performance, Event - Peace Dinner",Wubby,??,IronFangs Compound,9/27a ~3:18:00 Performance: Hutnik ??,??,353
8 - 27th,Conflict,"Roleplay, Wubby Death, Event - Peace Dinner",Wubby,??,IronFangs Compound,"9/27a ~3:19:00 Church of the Blood God beats the trap with Bees, Wubby dies still",??,354
8 - 27th,Conflict,"Roleplay, In-Passing, Event - Peace Dinner",Wubby,??,IronFangs Compound,9/27a ~3:22:40 Siege Tower fails,??,355
8 - 27th,Social,"Roleplay, Mission, Event - Peace Dinner",Wubby,??,IronFangs Compound,9/27a ~3:29:00 Bee bombs on exit; subway train ride home,??,356
8 - 27th,Social,"Roleplay, Mission, ??",Wubby,??,BGHQ,9/27a ~3:40:20 Blood Deposits @ BGHQ church,??,357
8 - 27th,Social,"Mission, ??, ??",Wubby,??,NPC - Power Plant,"9/27a ~3:55:30 The crew raids Power Plant; w/ peanut, Johnny Guitar, GEEGA, raynbirds, ChrissytinaFx",??,358
8 - 27th,Social,"Mission, ??, ??",Wubby,??,NPC - Power Plant,9/27a ~3:55:30 The crew raids Power Plant,??,359
8 - 27th,Social,"??, ??, Tour",Wubby,??,BGHQ,9/27a ~4:27:00 The crew visits Bean's feet-pics stash,??,360
8 - 27th,Sidebar,"Roleplay, Mission, Missed Input",Wubby,??,BGHQ,9/27a ~4:34:40 Ladder fails (13x),??,361
8 - 27th,Conflict,"Roleplay, Mission, Fun",Wubby,??,BGHQ,9/27a ~4:46:30 The boys vs Attack Heli,??,362
8 - 27th,Travel,"PVE, Landmines, ??",Wubby,??,BGHQ,9/27a ~4:55:10 landmines go off,??,363
8 - 27th,Conflict,"PVP, Mission, ??",Wubby,??,BGHQ,9/27a ~4:57:30 Tier 3 loot fight,??,364
8 - 27th,Conflict,"PVP, ??, Wubby Death",Wubby,??,BGHQ,9/27a ~5:12:15 GEEGA & Wubby die multiple times to Ironfangs minimart raid,??,365
8 - 27th,Social,"Missed Input, Meetup, Wubby Death",Wubby,??,BGHQ,"9/27a ~5:35:00 Wubby stands in the danger zone of goosey's RPG, crashes stream hard F",??,366
8 - 27th,Social,"PVE, Meetup, Missed Input",Wubby,??,BGHQ,9/27a ~5:40:20 Comes back from brb after hard F,??,367
8 - 27th,Social,"??, ??, Missed Input",Wubby,??,Volcano,9/27a ~5:46:00 Brew dies after walking into lava,??,368
8 - 27th,Travel,"PVE, Landmines, Missed Input",Wubby,??,Volcano,9/27a ~5:48:30 Peanut dies (and his horse) to landmines,??,369
8 - 27th,Travel,"Mission, ??, Event - NPC Waterlab",Wubby,??,NPC - Waterlab,9/27a ~5:53:30 The crew arrives at the north marina; heads to Underwater Lab via dinghy,??,370
8 - 27th,Missed Input,"Missed Input, ??, Event - NPC Waterlab",Wubby,Ended Session,wilderness,"cut to next VOD, still in boats",??,371
8 - 27th,Roleplay,"Roleplay, ??, Event - NPC Waterlab",Wubby,Started Session,,Session [b] Start ~0:00:05,??,372
8 - 27th,Social,"Mission, Meetup, Event - NPC Waterlab",Wubby,??,NPC - Waterlab,9/27b ~0:04:30 The crew plays plays Subnautica,??,373
8 - 27th,Social,"??, Missed Input, Missed Input",Wubby,??,NPC - Waterlab,9/27b ~0:14:40 Bean dumps her water instead of drinking it,??,374
8 - 27th,Conflict,"PVP, Mission, Wubby Kills",Wubby,??,NPC - Waterlab,9/27b ~0:29:30 back on land; crew shoots down Goldencrest attack Heli @ Tier 3 drop; Wubby Wubby Kills Twinkle,??,375
8 - 27th,Social,"??, ??, Gamba",Wubby,??,Casino Isle,9/27b ~0:32:00 Train Heist (Gamba) w/ the boys,??,376
8 - 27th,Social,"??, ??, Gamba",Wubby,??,BGHQ,9/27b ~0:53:00 Poker in BGHQ,??,377
8 - 27th,Sidebar,"??, ??, Perspective",Twinkle,??,BGHQ,9/27b ~0:57:20 Wubby watches replay of heli-destruction (Twinkle's Perspective),??,378
8 - 27th,Sidebar,"??, ??, Perspective","Peanut, Rayn, Gimmick",??,BGHQ,"9/27b ~1:10:10 boombox in BGHQ - SILENT TO THEM? ****(blurbs, gimmick, nut, rayn, bean Perspective)",??,379
8 - 27th,Travel,"??, Landmines, Missed Input",Wubby,??,??,9/27b ~1:12:40 landmines go off,??,380
8 - 27th,Travel,"Mission, ??, Perspective",Rayn,??,NPC - Launch Site,"9/27b ~1:21:45 The crew enters Bradley's Launch Site (rayn quote ""cut down the only tree with bees"")",??,381
8 - 27th,Travel,"Mission, ??, ??",Wubby,??,NPC - Launch Site,9/27b ~1:21:45 The crew enters Bradley's Launch Site,??,382
8 - 27th,Travel,"Mission, ??, Fun",Wubby,??,NPC - Colosseum,9/27b ~1:39:00 The crew finds a catapult outside the colosseum,??,383
8 - 27th,Travel,"Roleplay, ??, ??",Wubby,??,NPC - Colosseum,9/27b ~1:42:00 Latina Girls (not a trap?),??,384
8 - 27th,Conflict,"Roleplay, ??, ??",Wubby,??,NPC - Colosseum,"9/27b ~1:44:30 Team enters PVP Colosseum ""crucible"" ",??,385
8 - 27th,Conflict,"Roleplay, ??, Wubby Death",Wubby,??,NPC - Colosseum,9/27b ~1:46:00 3v3 Naivety + rayn + Johnny vs. Gimmick + Goosey + Wub (Wubby dies to Naivety),??,386
8 - 27th,Conflict,"??, ??, Wubby Death",Wubby,??,NPC - Colosseum,9/27b ~1:48:00 3v3 Naivety +  Goosey + Peanut vs. rayn + Johnny + Wub (Wubby dies to Goosey),??,387
8 - 27th,Conflict,"??, ??, Wubby Kill",Wubby,??,NPC - Colosseum,9/27b ~1:52:30 1v1 Goosey vs. Wub (Wubby Wubby Kills Goosey),??,388
8 - 27th,Conflict,"??, ??, Wubby Death",Wubby,??,NPC - Colosseum,9/27b ~1:55:30 1v1 Goosey vs. Wub (Wubby dies to Goosey),??,389
8 - 27th,Travel,"??, ??, Fun",Wubby,??,NPC - Bank Town Isle,9/27b ~2:10:30 Zipline WEE,??,390
8 - 27th,Travel,"??, ??, Fun",Wubby,??,NPC - Bank Town Isle,"9/27b ~2:10:30 ""Its 11pm At Night, When Do We Get The Bank?"" Bank Party; w/ peanut, Johnny Guitar, Goosey,Gimmick, Kitdy, GEEGA, Bean, ChrissytinaFx, Naivety, JumpMaan, raynbirds, Mogley, Banshee [imPheetus, ezbompany]",??,391
8 - 27th,Social,"??, ??, Fun",Wubby,??,NPC - Bank Town Isle,9/27b ~2:12:50 Wubby plays boombox in bank - SILENT TO THEM!! ****,??,392
8 - 27th,Social,"??, ??, Tour",Wubby,??,NPC - Bank Town Isle,9/27b ~2:16:00 Phallus Palace Base Tour; w/ crew,??,393
8 - 27th,Travel,"??, ??, Missed Input",Wubby,??,Islands/Bridges,9/27b ~2:22:35 landmines go off,??,394
8 - 27th,Social,"??, ??, Missed Input",Wubby,??,BGHQ,"9/27b ~2:25:00 ?? Dies during the Catapult Incident w/ Peanut, Johnny, Goosey, Gimmick, Bean, ChrissytinaFx, GEEGA, Naivety, raynbirds",??,395
8 - 27th,Social,"Landmines, Wubby Death, Missed Input",Wubby,??,BGHQ,"9/27b ~2:28:30  Minesweeper party; Wubby dies to landmine w/ rayn,",??,396
8 - 27th,Social,"PVE, ??, MIssed Input",Wubby,??,??,9/27b ~2:38:30 Stream F's 20sec,??,397
8 - 27th,Travel,"??, Landmines, MIssed Input",Wubby,??,??,9/27b ~2:40:35 landmines go off,??,398
8 - 27th,Travel,"??, Landmines, MIssed Input",Wubby,??,??,9/27b ~2:45:20 landmines go off,??,399
8 - 27th,Social,"??, ??, ??",Wubby,??,Islands/Bridges,9/27b ~2:46:30 ZChum invites the gang to wobbles/bbno$ show,??,400
8 - 27th,Travel,"??, ??, ??",Wubby,??,Islands/Bridges,9/27b ~2:50:50 Zipline WEE,??,401
8 - 27th,Social,"Mission, ??, Gamba",Wubby,??,NPC - Bank Town Isle,"9/27b ~2:53:55 Gamba w/ Bean, Goosey, GEEGA, Brew, [Jennifer]",??,402
8 - 27th,Travel,"Mission, Landmines, Fun",Wubby,??,??,9/27b ~2:57:00 Salts the earth w/ landmines (even afk Emi ??),??,403
8 - 27th,Social,"PVE, Landmines, Fun",Wubby,??,BGHQ,9/27b ~3:01:15 rayn shows off minesweeper game,??,404
8 - 27th,Social,"PVE, Landmines, Wubby Death",Wubby,??,BGHQ,9/27b ~3:02:55 Wubby dies to landmines while playing raynbirds' minesweeper game,??,405
8 - 27th,Missed Input,"Missed Input, ??, Missed Input",Wubby,Ended Session,BGHQ,ends stream after F,??,406
9 - 28th,Roleplay,"Roleplay, ??, Roleplay",Wubby,Started Session,BGHQ,Session [a-b] Start ~0:42:00,??,407
9 - 28th,Travel,"??, Landmines, Missed Input",Wubby,??,BGHQ,9/28a ~0:43:40 landmines go off,??,408
9 - 28th,Social,"??, ??, Tour",Wubby,??,BGHQ,9/28a ~0:43:55 Bean shows off her & GEEGA's bedroom memories,??,409
9 - 28th,Social,Roleplay Perspective,Goosey,??,BGHQ,9/28a ~2:03:45 Goosey Perspective; Cringechinmingle uses megaphone to call out horsefucker Cyr/Ironfangs; Goldencrest build counter-raid base & gets BGHQ alert-pagers,??,410
9 - 28th,Social,"Roleplay, Mission, ??",Wubby,??,GoldenCrest Compound,9/28a ~0:47:20 Goosey updates Wubby on GC counter-raid base,??,411
9 - 28th,Travel,"??, ??, ??",Wubby,??,GoldenCrest Compound,9/28a ~0:54:00 Visits Goldencrest Compound,??,412
9 - 28th,Social,"??, ??, ??",Wubby,??,GoldenCrest Compound,9/28a ~0:58:00 The crew Base Tours Goldencrest Ghetto; swaps outfits w/ ItsDeadlyBoop,??,413
9 - 28th,Social,"??, ??, ??",Wubby,??,GoldenCrest Compound,9/28a ~1:09:40 Goosey calls a team huddle outside Blau's Bee Hut,??,414
9 - 28th,Travel,"??, ??, Wubby Death",Wubby,??,GoldenCrest Compound,9/28a ~1:12:00 Wubby dies to landmine in Blau's Bee Hut,??,415
9 - 28th,Social,"??, ??, ??",Wubby,??,BGHQ,9/28a ~1:20:20 Wubby dumps his water instead of drinking it,??,416
9 - 28th,Social,"PVE, Mission, Missed Input",Wubby,??,BGHQ,9/29a ~1:24:35 Ladder fails x12 w/ Gimmick; then they swap to other side of base,??,417
9 - 28th,Social,"??, ??, Tour",Wubby,??,BGHQ,"9/28a ~1:27:00 Chicken Names; Wubby falls Into the Sphincter; w/ Gimmick, ChrissytinaFx, Naivety, Kourra",??,418
9 - 28th,Social,"Roleplay, Meetup, Missed Input",Wubby,??,BGHQ,9/28a ~1:30:40 Goosey falls into the Sphincter ,??,419
9 - 28th,Social,"PVE, Mission, Missed Input",Wubby,??,BGHQ,9/29a ~1:31:15 Ladder fails (x9),??,420
9 - 28th,Social,"PVE, In-Passing, Fun",Wubby,??,BGHQ,9/29a ~1:33:15 Rayn the horse whisperer,??,421
9 - 28th,Travel,"Roleplay, Mission, Fun",Wubby,??,NPC - Bank Town Isle,9/28a ~1:37:00 We're Pirates (plays theme music),??,422
9 - 28th,Travel,"??, ??, ??",Wubby,??,NPC - Bank Town Isle,"9/28a ~1:40:00 Wubby & Goosey crash BGHQ Heli #1, Wubby Wubby Kills Goosey",??,423
9 - 28th,Travel,"??, ??, ??",Wubby,??,NPC - Bank Town Isle,"9/28a ~1:40:00 Wubby & Goosey crash BGHQ Heli #1, Wubby Wubby Kills Gimmick",??,424
9 - 28th,Travel,"??, ??, ??",Wubby,??,NPC - Bank Town Isle,"9/28a ~1:40:00 Wubby & Goosey crash BGHQ Heli #1, Wubby Wubby Kills GEEGA",??,425
9 - 28th,Travel,"??, ??, ??",Wubby,??,NPC - Bank Town Isle,"9/28a ~1:40:00 Wubby & Goosey crash BGHQ Heli #1, Wubby Wubby Kills Brew",??,426
9 - 28th,Travel,"??, ??, ??",Wubby,??,NPC - Bank Town Isle,"9/28a ~1:40:00 Wubby & Goosey crash BGHQ Heli #1, Wubby Wubby Kills Kuorra; Kourra quote ""We're churching it again...""",??,427
9 - 28th,Travel,"??, ??, ??",Wubby,??,NPC - Bank Town Isle,9/28a ~1:47:15 landmines go off,??,428
9 - 28th,Travel,"??, ??, ??",Wubby,??,NPC - Bank Town Isle,9/28a ~1:47:50 Heli #2 takes off,??,429
9 - 28th,Travel,"??, ??, ??",Wubby,??,NPC - Bank Town Isle,9/28a ~1:47:55 landmines go off,??,430
9 - 28th,Travel,"??, ??, ??",Wubby,??,NPC - Bank Town Isle,9/28a ~1:50:55 landmines go off,??,431
9 - 28th,Travel,"??, ??, ??",Wubby,??,BGHQ,9/28a ~1:51:00 Heli lands @ BGHQ,??,432
9 - 28th,Social,"??, ??, Missed Input",Wubby,??,BGHQ,9/28a ~1:53:00 Goosey & Wub Lovers spat,??,433
9 - 28th,Social,"??, ??, Tour",Wubby,??,BGHQ,9/28a ~1:54:10 Base Touring the upgraded Red BGHQ & changing outfits,??,434
9 - 28th,Social,"??, Meetup, ??",Wubby,??,BGHQ,9/28a ~2:00:20 Parblaze invites BGHQ to harvest blood @ the I.F. vs G.C. Snow Battle,??,435
9 - 28th,Travel,"??, Landmines, Missed Input",Wubby,??,BGHQ,9/28a ~2:01:00 landmines go off,??,436
9 - 28th,Sidebar,"Mission, ??, ??",Wubby,??,BGHQ,"9/28a ~2:01:55 Wubby explains not everyone streams (mods, editors, etc)",??,437
9 - 28th,Travel,"??, ??, Missed Input",Wubby,??,BGHQ,9/28a ~2:03:15 landmines go off,??,438
9 - 28th,Travel,"Mission, ??, Event - Snow Battle",Wubby,??,Ice Fields,9/28a ~2:16:30 BGHQ arrives at the battegrounds,??,439
9 - 28th,Conflict,"Mission, ??, Event - Snow Battle",Wubby,??,Ice Fields,"9/28a ~2:21:00 I.F. vs G.C. Snow Battle begins; ""Just Here for the Blood""",??,440
9 - 28th,Conflict,"Roleplay, Wubby Death, Event - Snow Battle",Wubby,??,Ice Fields,9/28a ~2:33:20 Wubby dies to LEEDO,??,441
9 - 28th,Conflict,"Roleplay, Wubby Death, Event - Snow Battle",Wubby,??,Ice Fields,9/28a ~2:34:15 Wubby dies to Solutize,??,442
9 - 28th,Conflict,"Roleplay, Wubby Death, Event - Snow Battle",Wubby,??,Ice Fields,9/28a ~2:38:55 Wubby dies to the cold & bees,??,443
9 - 28th,Social,"Roleplay, 1st Meeting, Event - Snow Battle",Wubby,mixelplx,Ice Fields,9/28a ~2:39:35 Meets mixelplx,https://www.twitch.tv/mixelplx,444
9 - 28th,Conflict,"Roleplay, Wubby Death, Event - Snow Battle",Wubby,??,Ice Fields,9/28a ~2:39:35 Wubby dies to mixelplx,??,445
9 - 28th,Conflict,"Roleplay, Wubby Death, Event - Snow Battle",Wubby,??,Ice Fields,9/28a ~2:45:55 Wubby dies to Omni,??,446
9 - 28th,Conflict,"Roleplay, Wubby Death, Event - Snow Battle",Wubby,??,Ice Fields,9/28a ~2:46:15 Wubby dies to BaseTradeTV,??,447
9 - 28th,Social,"Roleplay, ??, Event - Snow Battle",Wubby,katie2tru,Ice Fields,9/28a ~2:49:50 Meets katie2tru,https://www.twitch.tv/katie2tru,448
9 - 28th,Conflict,"Roleplay, Wubby Death, Event - Snow Battle",Wubby,??,Ice Fields,9/28a ~2:50:00 Wubby dies to Omni,??,449
9 - 28th,Social,"Mission, Meetup, Event - Snow Battle",Wubby,??,Ice Fields,"9/28a ~2:53:20 kooby & hJune fly the white flag, battle ends",??,450
9 - 28th,Social,"??, 1st Meeting, Event - Snow Battle",Wubby,derapchu,Ice Fields,9/28a ~2:57:15 Meets derapchu,https://www.twitch.tv/derapchu,451
9 - 28th,Travel,"??, Landmines, ??",Wubby,??,BGHQ,9/28a ~3:05:05 landmines go off,??,452
9 - 28th,Social,"Roleplay, Meeting, Missed Input",Wubby,??,BGHQ,9/28a ~3:13:45 Wubby loses PC privileges,??,453
9 - 28th,Travel,"??, ??, Missed Input",Wubby,??,BGHQ,9/28a ~3:17:05 Ladder fails (x4) w/ Peanut,??,454
9 - 28th,Travel,"??, ??, Event - Horse Race",Wubby,??,BGHQ,9/28a ~3:19:30 Crew takes Heli to he Horse Races,??,455
9 - 28th,Social,"??, Gamba, Event - Horse Race",Wubby,??,Casino Isle,Wubby bets & wins (by cheating mostly),??,456
9 - 28th,Travel,"??, Missed Input, Event - Horse Race",Wubby,??,Checkpoint Bridge,9/28a ~3:23:30 landmines go off,??,457
9 - 28th,Social,"??, 1st Meeting, Event - Horse Race",Wubby,belindabtw,Checkpoint Bridge,9/28a ~3:24:30 Meets belindabtw,https://www.twitch.tv/belindabtw,458
9 - 28th,Social,"??, Performance, Event - Horse Race",Wubby,??,Checkpoint Bridge,9/28a ~3:26:30 Horse Race begins,??,459
9 - 28th,Social,"??, 1st Meeting, Event - Horse Race",Wubby,bananaman,Checkpoint Bridge,9/28a ~3:33:25 Meets bananaman,https://www.twitch.tv/bananaman,460
9 - 28th,Social,"??, 1st Meeting, Event - Horse Race",Wubby,ShaneYit,Checkpoint Bridge,9/28a ~3:52:10 Meets ShaneYit,https://www.twitch.tv/shaneyit,461
9 - 28th,Social,"??, 1st Meeting, Event - Horse Race",Wubby,xkevy,Checkpoint Bridge,9/28a ~3:54:10 Meets xkevy,https://www.twitch.tv/xkevv,462
9 - 28th,Social,"??, 1st Meeting, Event - Horse Race",Wubby,guy who doesn't know,Checkpoint Bridge,9/28a ~3:54:25 Meets guy who doesn't know,??,463
9 - 28th,Travel,"??, ??, ??",Wubby,??,BGHQ,9/28a ~3:57:00 Crew takes Heli back to BGHQ,??,464
9 - 28th,Travel,"??, Landmines, Missed Input",Wubby,??,BGHQ,9/28a ~4:00:05 landmines go off,??,465
9 - 28th,Travel,"PVE, ??, Missed Input",Wubby,??,BGHQ,9/28a ~4:05:30 Ladder fails (x6),??,466
9 - 28th,Social,"??, ??, ??",Wubby,??,BGHQ,"9/28a ~4:08:40 ""Meets"" klara, kecia, kenda, eileen (streamer mode names)",??,467
9 - 28th,Conflict,"PVE, ??, ??",Wubby,??,BGHQ,9/28a ~4:11:30 Heli Attack on BGHQ,??,468
9 - 28th,Travel,"??, ??, ??",Wubby,??,BGHQ,9/28a ~4:14:00 GEEGA gets Wubby & crew to sing Fleetwood Mac,??,469
9 - 28th,Travel,"??, Landmines, Missed Input",Wubby,??,BGHQ,9/28a ~4:36:15 landmines go off,??,470
9 - 28th,Social,"Roleplay, ??, Missed Input",Wubby,??,BGHQ,"9/28a ~4:38:00 Parblaze shows up to complain about Goosey & landmines, Parblaze Wubby Kills Bean",??,471
9 - 28th,Social,"??, ??, Perspective",Parblaze,??,BGHQ,9/28a ~6:30:00 Parblaze Perspective; approaches BGHQ and Wubby Kills Bean; subsequent 2hr+ crashout,??,472
9 - 28th,Travel,"Mission, ??, Event - NPC Oil Rig",Wubby,??,NPC - Oil Rig,9/28a ~4:50:00 Crew takes Heli to Oil Rig,??,473
9 - 28th,Social,"PVE, Mission, Event - NPC Oil Rig",Wubby,??,NPC - Oil Rig,"9/28a ~4:58:00 Crew clears Oil Rig (w/ Bean, GEEGA, Naivety, raynbirds, ChrissytinaFx, Nelku, Johnny Guitar, Peanut, Gimmick, ",??,474
9 - 28th,Conflict,"PVP, ??, Event - NPC Oil Rig",Wubby,??,NPC - Oil Rig,9/28a ~5:01:00 Ironfangs ???  tried to counter the crew at the Oil Rig,??,475
9 - 28th,Social,"??, ??, Event - NPC Oil Rig",Wubby,??,NPC - Oil Rig,9/28a ~5:04:00 BaseTradeTV comes back to taunt,??,476
9 - 28th,Social,"PVP, Wubby Death, Event - NPC Oil Rig",Wubby,??,NPC - Oil Rig,9/28a ~5:04:00 BaseTradeTV squirts the crew then Wubby dies a few times,??,477
9 - 28th,Social,"Roleplay, Performance, Event - NPC Oil Rig",Wubby,??,NPC - Oil Rig,9/28a ~5:17:50 Gimmick has everyone sing POD,??,478
9 - 28th,Travel,"??, ??, Event - NPC Oil Rig",Wubby,??,Ice Fields,"9/28a ~5:17:50 Crew leaves Oil Rig on Heli; lands on Ice & explores Secret Tunnels [w/ BaseTradeTV, Farmerlucas]",??,479
9 - 28th,Travel,"??, ??, Event - NPC Oil Rig",Wubby,??,Ice Fields,9/28a ~5:17:50 Crew leaves Ice Tunnels in Heli back to BGHQ,??,480
9 - 28th,Travel,"??, Wubby Death, Event - NPC Oil Rig",Wubby,??,BGHQ,9/28a ~5:31:40 Entire Crew & Wubby dies to laggy Heli crash above BGHQ,??,481
9 - 28th,Social,"??, Landmines, Missed Input",Wubby,??,BGHQ,9/28a ~5:54:45 The gang plays Mine Your Step again,??,482
9 - 28th,Social,"??, Landmines, Missed Input",Wubby,??,BGHQ,9/28a ~5:55:35 Kourra dies to landmines,??,483
9 - 28th,Travel,"??, ??, ??",Wubby,??,NPC - Bank Town Isle,9/28a ~5:57:30 Crew heads to raid the Bank again,??,484
9 - 28th,Travel,"??, ??, ??",Wubby,??,NPC - Bank Town Isle,9/28a ~5:58:20 The gang sings Earth Wind Fire's September on the way to the bank,??,485
9 - 28th,Travel,"??, ??, ??",Wubby,??,??,9/28a ~5:59:00 Wubby just... walks off a bridge,??,486
9 - 28th,Missed Input,"Missed Input, ??, Missed Input",Wubby,Ended Session,??,cut to next VOD,??,487
9 - 28th,Roleplay,"Roleplay, ??, Roleplay",Wubby,Started Session,??,Session [b] Start ~0:00:05,??,488
9 - 28th,Social,"??, ??, Event - Minigame",Wubby,??,NPC - Bank Town Isle,"9/28b ~0:01:20 The crew joins Falling Platforms Minigame Queue (w/ Bean, Goosey, Naivety, raynbirds, Peanut, GEEGA, Johnny Guitar, Gimmick, Kourra)",??,489
9 - 28th,Sidebar,"PVE, Gamba, Event - Minigame",Wubby,??,NPC - Bank Town Isle,9/28b ~0:02:00 Plinko lands big win offscreen (130x = $75k),??,490
9 - 28th,Social,"??, ??, Event - Minigame",Wubby,??,NPC - Bank Town Isle,9/28b ~0:16:50 The crew finally plays Fall Guys,??,491
9 - 28th,Travel,"Mission, ??, ??",Wubby,??,NPC - Bank Town Isle,9/28b ~0:26:00 Heli leaves to prep for Cargo Ship try,??,492
9 - 28th,Travel,"Mission, Performance, ??",Wubby,??,Wilderness,9/28b ~0:27:00 Kourra plays Final Countdown on the way to the Cargo Ship,??,493
9 - 28th,Travel,"Mission, Meetup, Event - Cargo Ship",Wubby,??,Wilderness,"9/28b ~0:32:20 Most of BGHQ congregates in preparation to board Cargo Ship (w/ Brew, Banshee, Kourra, Mogley, JuMpMaaN, Naivety, raynbirds, GEEGA, Gimmick, Bean, Johnny Guitar, Goosey, Peanut)",??,494
9 - 28th,Travel,"Mission, ??, Event - Cargo Ship",Wubby,??,Wilderness,9/28b ~0:37:45 Helicopters take off from the westernmost beach to board Cargo Ship,??,495
9 - 28th,Conflict,"Mission, Missed Input, Event - Cargo Ship",Wubby,??,NPC - Cargo Ship,"9/28b ~0:38:35 Crew fails to board Cargo Ship multiple times, Crashes Heli into water; picked up by LEDOO in dinghy",??,496
9 - 28th,Conflict,"Mission, Missed Input, Perspective",CLIPFARM,??,NPC - Cargo Ship,9/28b ~0:00:00 Clipped Perspective showing boarding fail,??,497
9 - 28th,Conflict,"Mission, ??, Wubby Death",Wubby,??,NPC - Cargo Ship,9/28b ~0:47:00 Knocked 3x then Wubby dies to ChipDingle during shootout while contesting the ship,??,498
9 - 28th,Missed Input,"Missed Input, ??, Missed Input",Wubby,Ended Session,??,Spawns back on western beach and ends stream,??,499
10 - 29th,Roleplay,"Roleplay, ??, Roleplay",Wubby,Started Session,??,Session [a-b] Start ~0:05:40,??,500
10 - 29th,Travel,"??, ??, ??",Wubby,??,Casino Isle,9/29a ~0:09:30 Bean & Wubby travel to venue??; Wubby drowns out Bean w/ stereo,??,501
10 - 29th,Travel,"Mission, Meetup, ??",Wubby,??,Ice Fields,"9/29a ~0:14:10 Crew gathers at Ice Wall (w/ Peanut, Bean, Johnny Guitar, Naivety)",??,502
10 - 29th,Travel,"Mission, Meetup, ??",Wubby,??,Ice Fields,9/29a ~0:21:30 Crew makes it to the Ice Fields for ??,??,503
10 - 29th,Social,"??, ??, ??",Wubby,??,BGHQ,9/29a ~0:51:45 Bean plays Crab Rave on the BGHQ piano,??,504
10 - 29th,Sidebar,"Roleplay, ??, ??",Wubby,??,BGHQ,9/29a ~0:52:30 Wubby dances IRL,??,505
10 - 29th,Travel,"Mission, ??, Event - I.F. Wedding",Wubby,??,Wilderness,"9/29a ~0:57:30 Peanut & Wubby travel to the Wedding @ IronFangs Compound; salt the earth quote ""i lined this whole area with mines so i would stay on the road..."" / ""thats good comms right there, see thats the beginnin, that right there is what im talkin about: teamwork, collaboration, tactical, efficient, deadly.""",??,506
10 - 29th,Social,"??, ??, Event - I.F. Wedding",Wubby,??,IronFangs Compound,9/29a ~0:59:40 Crew gathers at IronFangs gates,??,507
10 - 29th,Social,"??, ??, Event - I.F. Wedding",Wubby,Sinks,IronFangs Compound,9/29a ~1:00:05 Meets Sinks,https://www.twitch.tv/sinksr,508
10 - 29th,Social,"??, ??, Event - I.F. Wedding",Wubby,Willjum,IronFangs Compound,9/29a ~1:00:05 Meets Willjum,https://www.twitch.tv/willjum,509
10 - 29th,Social,"??, ??, Event - I.F. Wedding",Wubby,JohnJ,IronFangs Compound,9/29a ~1:00:05 Meets JohnJ,??,510
10 - 29th,Social,"??, ??, Event - I.F. Wedding",Wubby,??,IronFangs Compound,9/29a ~1:04:00 Wedding Ceremony begins for Jozukai + ItsDeadlyBoop @ IronFangs Compound,??,511
10 - 29th,Social,"??, ??, Event - I.F. Wedding",Wubby,??,IronFangs Compound,9/29a ~1:12:30 Wedding concludes; Bees! & overloaded subway cars,??,512
10 - 29th,Social,"Missed Input, Landmines, Wubby Death",Wubby,??,Wilderness,"9/29a ~1:17:10 Bean gets appreciated, then Wubby dies to landmines",??,513
10 - 29th,Social,"??, Landmines, Fun",Wubby,Shoomimi,Wilderness,9/29a ~1:18:10 Meets (Shoomimi's house) gets a personal landmine field,https://www.twitch.tv/shoomimi,514
10 - 29th,Travel,"??, ??, Fun",Wubby,??,Wilderness,9/29a ~1:19:00 Zipline WEE,??,515
10 - 29th,Travel,"??, Landmines, ??",Wubby,??,BGHQ,"9/29a ~1:20:10 Landmines go off; quote ""now a less funny streamer wouldve walked into that one""",??,516
10 - 29th,Travel,"??, Landmines, ??",Wubby,??,BGHQ,9/29a ~1:21:12 Peanut dies when Landmines go off ,??,517
10 - 29th,Travel,"??, Performance, ??",Wubby,??,BGHQ,9/29a ~1:22:20 Bean plays DaRude Sandstorm on the BGHQ piano,??,518
10 - 29th,Social,"??, ??, ??",Wubby,??,BGHQ,"9/29a ~1:24:00 The crew updates Billy in the Cuck Atrium; w/ Bean, Peanut, Blurbs, raynbirds, Eltk, ChrissytinaFx, Johnny, Brew, Naivety, GEEGA, Stonewall08, Goosey, Kourra",??,519
10 - 29th,Sidebar,"??, ??, ??",Wubby,??,BGHQ,9/29a ~1:31:30 Wubby plays CHIPPY arcade to lvl27,??,520
10 - 29th,Social,"??, ??, ??",Wubby,??,BGHQ,9/29a ~1:32:00 Bean plays Eiffel65 Blue on the BGHQ piano,??,521
10 - 29th,Social,"??, ??, ??",Wubby,??,BGHQ,9/29a ~1:40:00 Shooting Range w/ asdfasdfasdfasdf,??,522
10 - 29th,Travel,"??, Landmines, ??",Wubby,??,BGHQ,9/29a ~1:40:35 Landmines go off,??,523
10 - 29th,Travel,"??, Landmines, ??",Wubby,??,BGHQ,9/29a ~1:40:45 Landmines go off,??,524
10 - 29th,Travel,"??, Landmines, ??",Wubby,??,BGHQ,9/29a ~1:45:25 Landmines go off,??,525
10 - 29th,Social,"Roleplay, ??, ??",Wubby,??,BGHQ,9/29a ~1:48:00 raynbirds Flashbangs the crew,??,526
10 - 29th,Social,"??, Meetup, ??",Wubby,??,BGHQ,9/29a ~1:52:00 Team Huddle (Trauma Circle) in the BGHQ Lounge,??,527
10 - 29th,Social,"??, Landmines, ??",Wubby,??,BGHQ,9/29a ~1:59:55 Landmines go off during the powwow,??,528
10 - 29th,Travel,"Mission, Landmines, Fun",Wubby,??,BGHQ,9/29a ~2:01:30 Wubby salts the earth under some of the crew,??,529
10 - 29th,Social,"??, ??, ??",Wubby,??,BGHQ,"9/29a ~2:02:20 ZChum, Kayli, PaddyMazz provides photo invite to the Blood Rave",??,530
10 - 29th,Travel,"??, Landmines, Missed Input",Wubby,??,BGHQ,9/29a ~2:03:15 Landmines go off,??,531
10 - 29th,Travel,"??, Landmines, Missed Input",Wubby,??,BGHQ,9/29a ~2:06:30 Landmines go off,??,532
10 - 29th,Social,"??, Landmines, Missed Input",Wubby,??,BGHQ,9/29a ~2:07:50 Gimmick arrives and sets Landmines off,??,533
10 - 29th,Social,"??, Landmines, Fun",Wubby,??,BGHQ,9/29a ~2:08:40 Bean shows off fireworks while Wubby salts the earth,??,534
10 - 29th,Travel,"??, Landmines, Missed Input",Wubby,??,BGHQ,9/29a ~2:11:05 Peanut sets off Landmines immediately after Wubby warns him,??,535
10 - 29th,Travel,"??, Landmines, Missed Input",Wubby,??,BGHQ,9/29a ~2:12:50 Goosey sets off Landmines,??,536
10 - 29th,Travel,"??, Landmines, Missed Input",Wubby,??,BGHQ,9/29a ~2:14:10 Landmines go off,??,537
10 - 29th,Sidebar,"Mission, ??, ??",Wubby,??,BGHQ,9/29a ~2:17:50 Goes BRB to remove the cat,??,538
10 - 29th,Travel,"Mission, ??, ??",Wubby,??,BGHQ,9/29a ~2:24:40 Wub sings Wheezer while he packs for the blood rave,??,539
10 - 29th,Travel,"Mission, Meetup, Event - Blood Rave",Wubby,??,Casino Isle,"9/29a ~2:32:00 bbno$ arrives & factions gather at the Blood Club; w/ Mr Wobbles, Goosey, raynbirds, Naivety, Bean, Kourra, GEEGA, ChrissytinaFx, Gimmick, Peanut, Brew, Blurbs, Eltk, Stonewall008, Johnny Guitar, Mogley, Banshee, Jozukai, ZChum, Welyn, Parblaze, kikikiana, PotatoKai, vee, LEDOO, Paddymazz, Dakkin, Morgana, TeaGuyTom, SnuffyFluffy, Kitdy, TinaKitten, doc, TeaWithMilkAndSugar, poshie, ItsDeadlyBoop, MaryMaybe, GoofyTeamo, alpacasita, LoKwunYee, Farmerlucas, fuslie, ChipDingle, Jennifer, Hoss, bananaman, bee, METZEN, Hutnik, Enevun Boulder, daVinci, Caymus, Key, Solutize, Jaina Splinters, Wake, Sukidingels, Dwagon, emi, Neeks, Triciaisabirdy, xkevv, hJune, LadyDima, ThatDamnLamb, ellum, Sven, of the Wolf, ezbompany, Zealand, mixelplx, kooby, lifestomper, Sana Uchiha, Foolish, imPheetus, Hola Gato, vGumiho, Willjum, Acie, belindabtw, Jihi, TTV.MissGinaDarling, katie2tru, BaseTradeTV,",??,540
10 - 29th,Social,"??, ??, Event - Blood Rave",Wubby,??,Casino Isle,"9/29a ~2:35:50 Gimmick gets killed by bbno$ outside the club; quote ""im fine, im fine, serpentine serpentine!""",??,541
10 - 29th,Social,"??, ??, Event - Blood Rave",Wubby,??,Casino Isle,9/29a ~2:43:40 ??? sets off a tower of landmines...?,??,542
10 - 29th,Social,"??, 1st Meeting, Event - Blood Rave",Wubby,Mely,Casino Isle,9/29a ~2:46:40 Meets Mely,https://www.twitch.tv/mely,543
10 - 29th,Social,"??, 1st Meeting, Event - Blood Rave",Wubby,Pickles,Casino Isle,9/29a ~2:48:10 Meets Pickles (Ryan Higa),https://www.twitch.tv/itsryanhiga,544
10 - 29th,Travel,"Mission, Perspective, Event - Blood Rave",MissGinaDarling,??,Casino Isle,"9/29a ~0:48:45 MissGinaDarling Perspective; dies 3x to Landmines on the way to the Blood Rave; quote ""im vietnamese so landmines are a touchy subject, i swear i saw my ancestors""; meets Wubby 1:05:50 her VOD",??,545
10 - 29th,Social,"??, Meetup, Event - Blood Rave",Wubby,??,Casino Isle,"9/29a ~2:52:10 Pope Tina and Wubby reconnect; quote ""theres so many people here ive never even seen on the server""",??,546
10 - 29th,Social,"??, Landmines, Event - Blood Rave",Wubby,??,Casino Isle,9/29a ~2:59:00 Everyone gets restless waiting for the rave to begin; Blurbs salts the earth; a dozen Landmines go off for the next minute; bananaman dies to a landmine Wubby sets off,??,547
10 - 29th,Social,"??, 1st Meeting, Event - Blood Rave",Wubby,MissGinaDarling,Casino Isle,9/29a ~3:03:00 Meets MissGinaDarling,https://www.twitch.tv/missginadarling,548
10 - 29th,Social,"??, Meetup, Event - Blood Rave",Wubby,??,Casino Isle,"9/29a ~3:03:30 Blood Club doors finally open, everyone warps",??,549
10 - 29th,Social,"??, Performance, Event - Blood Rave",Wubby,??,Casino Isle,9/29a ~3:07:00 Blood Rave opens w/ Mr Wobbles intro; laser light show,??,550
10 - 29th,Social,"Performance, Perspective, Event - Blood Rave",Mr Wobbles,??,Casino Isle,9/29a ~3:07:00 Blood Rave from Mr Wobbles Perspective,??,551
10 - 29th,Social,"??, Performance, Event - Blood Rave",Wubby,??,Casino Isle,9/29a ~3:20:30 bbno$ set begins,??,552
10 - 29th,Social,"??, Performance, Event - Blood Rave",Wubby,??,Casino Isle,9/29a ~3:36:40 bbno$ & WillNeffs setup crash (he passes out on stage); Wubby cries IRL,??,553
10 - 29th,Social,"PVE, ??, Event - Blood Rave",Wubby,??,Casino Isle,9/29a ~3:37:50 Server crashes for a couple minutes,??,554
10 - 29th,Social,"PVP, Wubby Death, Event - Blood Rave",Wubby,??,Casino Isle,9/29a ~3:39:40 Everyone & Wubby dies in the blood club,??,555
10 - 29th,Social,"PVP, Perspective, Event - Blood Rave",WillNeff,??,Casino Isle,9/29a ~0:00:00 WillNeff's Perspective of the floor falling,??,556
10 - 29th,Travel,"??, Landmines, ??",Wubby,??,BGHQ,9/29a ~3:55:20 Landmines go off,??,557
10 - 29th,Travel,"??, Landmines, ??",Wubby,??,BGHQ,9/29a ~3:55:20 GEEGA dies to landmine on the way home after the blood rave,??,558
10 - 29th,Travel,"Mission, Meetup, ??",Wubby,??,BGHQ,9/29a ~4:00:00 Crew unloads post-rave scavages; Father Billy calls meeting in the Church to call the Blood Moon,??,559
10 - 29th,Social,"??, ??, Event - Blood Moon",Wubby,??,BGHQ,9/29a ~4:03:30 Blood Moon begins,??,560
10 - 29th,Travel,"??, Landmines, Event - Blood Moon",Wubby,??,BGHQ,9/29a ~4:04:45 Landmines go off; scarecrow zombies die,??,561
10 - 29th,Travel,"??, Landmines, Event - Blood Moon",Wubby,??,BGHQ,9/29a ~4:05:35 Landmines go off; scarecrow zombies die,??,562
10 - 29th,Travel,"??, Landmines, Event - Blood Moon",Wubby,??,Checkpoint Bridge,9/29a ~4:15:55 Landmines go off; scarecrow zombies die,??,563
10 - 29th,Travel,"??, ??, Event - Blood Moon",Wubby,??,Checkpoint Bridge,9/29a ~4:16:40 Crew dons NVG's and gathers @ the Checkpoint Bridge before the N. Church Raid,??,564
10 - 29th,Travel,"??, Landmines, Event - Blood Moon",Wubby,??,Checkpoint Bridge,9/29a ~4:16:40 Landmines go off; scarecrow zombies die,??,565
10 - 29th,Conflict,"??, Raid, Event - Blood Moon",Wubby,??,North Church,9/29a ~4:19:00 BGHQ Raids the N. Church; Crew enters the crypts (nobody was home),??,566
10 - 29th,Conflict,"??, ??, Event - Blood Moon",Wubby,??,North Church,9/29a ~4:24:30 Skirmishing begins; BGHQ vs. the N. Church & IronFangs,??,567
10 - 29th,Conflict,"??, Wubby Kill, Event - Blood Moon",Wubby,??,NPC - Airfield,9/29a ~4:29:10 Wubby Kills Willjum as the crew approaches the Airfield,??,568
10 - 29th,Conflict,"??, Wubby Kill, Event - Blood Moon",Wubby,??,NPC - Airfield,9/29a ~4:34:20 Wubby Kills Dwagon as the crew tries to enter the Airfield,??,569
10 - 29th,Conflict,"??, Wubby Death, Event - Blood Moon",Wubby,??,NPC - Airfield,9/29a ~4:34:55 Wubby dies to ezbompany,??,570
10 - 29th,Travel,"??, Wubby Death, Event - Blood Moon",Wubby,??,NPC - Airfield,9/29a ~4:36:40 Wubby dies to Fire,??,571
10 - 29th,Conflict,"??, Wubby Death, Event - Blood Moon",Wubby,??,North Church,9/29a ~4:43:55 Wubby dies to SnuffyFluffy as the crew moves towards Volcano,??,572
10 - 29th,Travel,"??, Landmines, Event - Blood Moon",Wubby,??,North Church,9/29a ~4:45:40 Landmines go off,??,573
10 - 29th,Social,"??, Meetup, Event - Blood Moon",Wubby,??,North Church,9/29a ~4:49:50 Crew gathers & prepares for Volcano Skirmish; Bean Killed Hoss so he runs over some of the crew w/ a van,??,574
10 - 29th,Conflict,"??, Wubby Death, Event - Blood Moon",Wubby,??,Wilderness,9/29a ~4:53:10 Wubby dies to alpacasita on the way to the Volcano,??,575
10 - 29th,Travel,"Wubby Death, Landmines, Event - Blood Moon",Wubby,??,BGHQ,9/29a ~4:57:00 Wubby dies to landmine after respawning back at base,??,576
10 - 29th,Travel,"??, Landmines, Event - Blood Moon",Wubby,??,BGHQ,9/29a ~5:01:40 Landmines go off,??,577
10 - 29th,Social,"??, ??, Event - Blood Moon",Wubby,??,Wilderness,"9/29a ~5:05:30 Blood Moon officially sets; quote ""The Blood Moon fades, leaving silence over the battlefield. Final Standings: Ironfangs Reduced 633 Haunting Figures to Ash; Goldencrest Cast 394 Dark Shadows Back Into Silence; Church of the Blood God Cast 199 Dark Shadows Back Into Silence; Congregation of Sustainable Sacrifice Returned 98 Scarecrow Spirits to Dust With the scarecrows vanquished, the Blood Moon is sated... until it rises once more.""",??,578
10 - 29th,Social,"??, Meetup, Wubby Kill",Wubby,??,Wilderness,9/29a ~5:10:30 Crew regroups near N. Church; Wubby Kills ShaneYit,??,579
10 - 29th,Sidebar,"PVE, ??, ??",Wubby,??,Casino Isle,9/29a ~5:17:15 Stream F's,??,580
10 - 29th,Sidebar,"PVE, ??, ??",Wubby,??,BGHQ,9/29a ~5:20:15 Stream Returns,??,581
10 - 29th,Social,"??, ??, Gamba",Wubby,??,BGHQ,"9/29 ~5:23:45 Crew plays Perpetual Poker for IRL Gifted Subs; w/ Goosey, Gimmick, Bean, Peanut, Kourra, Naivety, GEEGA, Brew, Johnny Guitar, Mogley, Raynbirds",??,582
10 - 29th,Social,"Meetup, Performance, Fun",Wubby,??,BGHQ,"9/27a ~5:13:15 Bean Plays on Piano (Eminem ""Stan"")",??,583
10 - 29th,Social,"Meetup, Performance, Fun",Wubby,??,BGHQ,"9/27a ~5:30:55 Bean Plays on Piano (""Rockin Around The Xmas Tree"")",??,584
10 - 29th,Social,"Meetup, Performance, Fun",Wubby,??,BGHQ,"9/27a ~5:31:45 Bean Plays on Piano (Oasis ""Wonderwall"")",??,585
10 - 29th,Social,"Meetup, Performance, Fun",Wubby,??,BGHQ,"9/27a ~5:33:25 Bean Plays on Piano (Eiffel65 ""Blue"")",??,586
10 - 29th,Social,"Meetup, Performance, Fun",Wubby,??,BGHQ,"9/27a ~5:35:05 Bean Plays on Piano (Smashmouth ""Rockstar"")",??,587
10 - 29th,Social,"Meetup, Performance, Fun",Wubby,??,BGHQ,"9/27a ~5:36:00 Bean Plays on Piano (Vanessa Carlton ""A Thousand Miles"")",??,588
10 - 29th,Social,"Meetup, Performance, Fun",Wubby,??,BGHQ,"9/27a ~5:37:05 Bean Plays on Piano (Twilight Movie ""Theme"")",??,589
10 - 29th,Social,"Meetup, Performance, Fun",Wubby,??,BGHQ,"9/27a ~5:37:45 Bean Plays on Piano (Europe ""The Final Countdown"")",??,590
10 - 29th,Social,"Meetup, Performance, Fun",Wubby,??,BGHQ,"9/27a ~5:38:50 Bean Plays on Piano (Rick Astley ""Never Gonna Give You Up"")",??,591
10 - 29th,Social,"Meetup, Performance, Fun",Wubby,??,BGHQ,"9/27a ~5:39:40 Bean Plays on Piano (Hans Zimmerman ""Interstellar Theme"")",??,592
10 - 29th,Social,"Meetup, Performance, Fun",Wubby,??,BGHQ,"9/27a ~5:40:30 Bean Plays on Piano (""Harry Potter Theme"")",??,593
10 - 29th,Social,"Meetup, Performance, Fun",Wubby,??,BGHQ,"9/27a ~5:41:35 Bean Plays on Piano (C418 ""Minecraft Theme"")",??,594
10 - 29th,Social,"Meetup, Performance, Fun",Wubby,??,BGHQ,"9/27a ~5:43:20 Bean Plays on Piano (Zelda ""Song of Storms"")",??,595
10 - 29th,Social,"Meetup, Performance, Fun",Wubby,??,BGHQ,"9/27a ~5:49:35 Bean Plays on Piano (Makoto Tomozawa ""Moonlight Sonata"")",??,596
10 - 29th,Social,"??, Landmines, ??",Wubby,??,BGHQ,9/29a ~5:51:35 Landmines go off,??,597
10 - 29th,Social,"Meetup, Performance, Fun",Wubby,??,BGHQ,"9/27a ~5:55:30 Bean Plays on Piano (""Game of Thrones Theme"")",??,598
10 - 29th,Social,"??, ??, Gamba",Wubby,??,BGHQ,9/29a ~5:58:40 Mogley Wins Gamba,??,599
10 - 29th,Missed Input,"Missed Input, ??, Missed Input",Wubby,Ended Session,BGHQ,cut to next vod,??,600
10 - 29th,Roleplay,"Roleplay, ??, Roleplay",Wubby,Started Session,BGHQ,Session [b] Start 0:00:05,??,601
10 - 29th,Travel,"??, Landmines, ??",Wubby,??,BGHQ,9/29b ~0:01:40 Landmines go off,??,602
10 - 29th,Travel,"??, Landmines, ??",Wubby,??,BGHQ,9/29b ~0:04:20 Mogley dies to Landmine on the way to Bank Raid,??,603
10 - 29th,Travel,"??, Landmines, ??",Wubby,??,BGHQ,9/29b ~0:05:40 Landmines go off,??,604
10 - 29th,Travel,"??, Landmines, ??",Wubby,??,BGHQ,9/29b ~0:06:10 Bean dies to Landmine on the way to Bank Raid,??,605
10 - 29th,Travel,"??, Landmines, ??",Wubby,??,BGHQ,9/29b ~0:07:15 Several Landmines go off,??,606
10 - 29th,Travel,"Mission, ??, Raid",Wubby,??,NPC - Bank Town Isle,"9/29b ~0:10:00 Crew arrives at the Bank Raid; w/ Goosey, Bean, Gimmick, Peanut, Johnny Guitar, Brew, Naivety, Banshee, Mogley",??,607
10 - 29th,Social,"Roleplay, ??, Raid",Wubby,??,NPC - Bank Town Isle,9/29b ~0:16:55 A bear joins the heist,??,608
10 - 29th,Social,"Mission, ??, Raid",Wubby,??,NPC - Bank Town Isle,9/29b ~0:22:00 Bank Raid Ends,??,609
10 - 29th,Sidebar,"??, Performance, ??",Wubby,??,BGHQ,"9/29b ~0:32:50 Wubby sings 4NonBlondes ""Whats Goin On""",??,610
10 - 29th,Travel,"??, Landmines, ??",Wubby,??,BGHQ,9/29b ~0:36:40 Landmines go off,??,611
10 - 29th,Travel,"??, Landmines, ??",Wubby,??,BGHQ,9/29b ~0:37:20 Landmines go off,??,612
10 - 29th,Sidebar,"Roleplay, Meetup, ??",Wubby,??,BGHQ,"9/29b ~0:38:40 Wubby questions GEEGA's age; quote ""Can i just say that i handled that so politely, and you guys were like 'Wubby asked if youre old?' Im about to use some gamer words""",??,613
10 - 29th,Travel,"??, Landmines, Fun",Wubby,??,BGHQ,9/29b ~0:39:25 Goosey Dies to Landmine; gets pinned to wall,??,614
10 - 29th,Sidebar,"??, ??, Fun",Wubby,??,BGHQ,9/29b ~0:41:30 Wubby explains his spotify playlist again,??,615
10 - 29th,Sidebar,"PVE, ??, ??",Wubby,??,NPC - Airfield,9/29b ~1:02:00 Stream F's while prepping for Skirmish vs Ironfangs @ Airfield near the Volcano,??,616
10 - 29th,Sidebar,"??, ??, ??",Wubby,??,NPC - Airfield,9/29b ~1:02:00 Stream F's,??,617
10 - 29th,Conflict,"Mission, ??, ??",Wubby,??,NPC - Airfield,"9/29b ~1:04:30 Skirmish Begins vs Ironfangs @ Volcano near Airfield; w/Goosey, Bean, GEEGA, Gimmick, Naivety, Peanut, Johnny Guitar, Wake, Parblaze, Dwagon, TinaKitten, Triciaisabirdy, Dakkie, Acie, Sven",??,618
10 - 29th,Conflict,"??, ??, Wubby Death",Wubby,??,NPC - Airfield,9/29b ~1:10:00 Wubby dies to Dwagon,??,619
10 - 29th,Conflict,"??, ??, Wubby Death",Wubby,??,NPC - Airfield,9/29b ~1:10:30 Wubby dies to Parblaze,??,620
10 - 29th,Conflict,"??, ??, Wubby Death",Wubby,??,NPC - Airfield,9/29b ~1:10:45 Wubby dies to Parblaze again,??,621
10 - 29th,Conflict,"??, ??, ??",Wubby,??,NPC - Airfield,"9/28b ~1:11:00 hJune flies the white flag, Skirmish ends",??,622
10 - 29th,Social,"??, ??, ??",Wubby,??,NPC - Airfield,9/29b ~1:16:00 Bean dies when IronFangs heli lands on her,??,623
10 - 29th,Social,"??, ??, ??",Wubby,??,Casino Isle,9/29b ~1:26:10 Wubby & Gimmick climb trees & swing,??,624
10 - 29th,Social,"??, Performance, Fun",Wubby,??,BGHQ,9/29b ~1:31:10 Gimmick says his goodbyes,??,625
10 - 29th,Social,"??, ??, ??",Wubby,??,BGHQ,"9/28b ~1:33:55 Wubby has a heartfelt moment before logging off; quote ""I dont think Gimmick or a lot of these people even realize their impact on my experience... cuz to them this mightve just been another Rust Kingdoms or another RP event; but for me this was my first Rust Kingdoms, or my first ever real RP anything ya know? They were all great dude, and its so sad, its weird.. it was a special week. Im like your housecat: to you theyre just a little part of your life, but to them you are their whole life... Im the housecat here man. Gimmick made such an impact on my desire to want to stay in the early stages. We ran into him and I just thought he was so funny and fascinating and so welcoming... GOD DAMNIT.""",??,626
10 - 29th,Missed Input,"Missed Input, ??, Missed Input",Wubby,Ended Session,BGHQ,ends stream,??,627
11 - 30th,Roleplay,"Roleplay, ??, Roleplay",Wubby,Started Session,BGHQ,Session [a] begins 0:02:50,??,628
11 - 30th,Sidebar,"??, ??, Fun",Wubby,??,BGHQ,9/30 ~0:05:20 Wubby legit wells-up as he nostalgias to chat; goes AFK for a minute to cry (about his grandma who exploded),??,629
11 - 30th,Social,"??, ??, Fun",Wubby,??,BGHQ,9/30 ~0:11:10 Bean gets stung by bees in the eyeballs (Bean's goodbye message to chat),??,630
11 - 30th,Travel,"??, ??, ??",Wubby,??,BGHQ,Wubby takes a small crew to buy a Heli; w/ Goosey & Raynbirds,??,631
11 - 30th,Travel,"??, Landmines, ??",Wubby,??,BGHQ,raynbirds dies when Landmines go off,??,632
11 - 30th,Sidebar,"Mission, ??, Event - Finale CtF",Wubby,??,NPC - Bank Town Isle,9/30 ~0:31:35 Final Battle announcement video,??,633
11 - 30th,Social,"Mission, ??, Event - Finale CtF",Wubby,??,NPC - Bank Town Isle,Wubby finally buys a Heli in preparation of the Final Battle,??,634
11 - 30th,Travel,"Mission, ??, Event - Finale CtF",Wubby,??,GoldenCrest Compound,"Wubby lands Heli to join ranks @ GoldenCrest; w/ Bean, raynbirds, Naivety, Nelku, Goosey, ",??,635
11 - 30th,Social,"Mission, ??, Event - Finale CtF",Wubby,??,GoldenCrest Compound,"9/30 ~0:50:00 Ceremony (kinda) for BGHQ joining GoldenCrest for the Final Battle; w/ Bean, raynbirds, Naivety, Nelku, Goosey, Johnny Guitar, Peanut, Brew, Banshee, JuMpMaaN; [Foolish, PotatoKai, pp, LEDOO, Jennifer, vGumiho, Sykkuno, doc, of the Wolf, ThatDamnLamb, Sinks, Pickles, Sneegsnag, lilli liza, ",??,636
11 - 30th,Conflict,"??, ??, Event - Finale CtF",Wubby,??,BGHQ,Final Battle Commences,??,637
11 - 30th,Conflict,"??, ??, Event - Finale CtF",Wubby,??,BGHQ,Final Battle Pauses due to lag,??,638
11 - 30th,Conflict,"??, ??, Event - Finale CtF",Wubby,??,BGHQ,Final Battle Restarts,??,639
11 - 30th,Social,"Roleplay, st Meeting, Event - Finale CtF",Wubby,brookeab,BGHQ,Meets brookeab,??,640
